Unnamed: 0,content,L,G,B,T,O,NR
0,¡qué poca madre ¡pero joto manceramiguelmx machorra cdhdf prefieren defender malditos delincuentes penademuerteya url,1,1,0,0,0,0
1,considero ser luz nunca rendiré tributo cfe bola jotos,0,1,0,0,0,0
2,:rolling_on_the_floor_laughing::rolling_on_the_floor_laughing::rolling_on_the_floor_laughing::rolling_on_the_floor_laughing::rolling_on_the_floor_laughing::rolling_on_the_floor_laughing::rolling_on_the_floor_laughing::rolling_on_the_floor_laughing::rolling_on_the_floor_laughing::rolling_on_the_floor_laughing::rolling_on_the_floor_laughing::rolling_on_the_floor_laughing::rolling_on_the_floor_laughing::rolling_on_the_floor_laughing::rolling_on_the_floor_laughing::rolling_on_the_floor_laughing::rolling_on_the_floor_laughing::rolling_on_the_floor_laughing::rolling_on_the_floor_laughing::rolling_on_the_floor_laughing::rolling_on_the_floor_laughing: vaya puñurl:rolling_on_the_floor_laughing::rolling_on_the_floor_laughing::rolling_on_the_floor_laughing::rolling_on_the_floor_laughing::rolling_on_the_floor_laughing::rolling_on_the_floor_laughing::rolling_on_the_floor_laughing::rolling_on_the_floor_laughing::rolling_on_the_floor_laughing: url,0,1,0,0,1,0
3,llore jota,0,1,0,0,0,0
4,mauritrevino_ pinche joto,0,1,0,0,0,0
5,heeywera pff bien marica,0,1,0,0,0,0
6,youaremycheese bien puto aguantas mañaana mezcal chido oaxaca,0,1,0,0,0,0
7,asco vida santa asco corazón santo tl lleno jotos haciendo ejercicio poooooooooog,0,1,0,0,0,0
8,marica :raised_fist::oncoming_fist:,0,1,0,0,0,0
9,ay pinche marica saliste,0,1,0,0,0,0
10,maricon,0,1,0,0,0,0
11,rgilzuarth carlosjoaquin ahora si verdad mariquitas seguridad ciudadanos va reforzar,0,1,0,0,0,0
12,marica solo quiere deslindar promesas campas url,0,1,0,0,0,0
13,enriquevonbeas perrorabiosoca rpizarrot mariquita enriquevonbeas,0,1,0,0,0,0
14,jhonatangaribay ajajajaja si huanguea puño vuelve puñal manuela palma xd,0,1,0,0,0,0
15,oh wow fin entendí viene cuento “ trans ” url,0,0,0,1,0,0
16,homosexuales hecho varios amigo americanistas allá punterías,0,1,0,0,0,0
17,pinche jota,0,1,0,0,0,0
18,pinche joto,0,1,0,0,0,0
19,pide disney adoctrine hijos ideología género programas infantiles firma url …,0,0,0,0,1,0
20,_elan_ osirismiguel mariquita menos,0,1,0,0,0,0
21,rubencharvel maricón tal chineo,0,1,0,0,0,0
22,sabes si tuitera sólo rara travesti,0,0,0,1,0,0
23,gripe mariquitas :flexed_biceps::running_shirt::running_shoe::blue_heart::person_lifting_weights: wellness gym url,0,1,0,0,0,0
24,chingos chicas guapas gdl ridículo tantas url mamen así puede .. salgan,0,0,0,1,0,0
25,luisa_vox tipejo homosexual odia èl mismo,0,1,0,0,0,0
26,pakechii mauricioclarkmx gay ..,0,1,0,0,0,0
27,quieren mundo sinhomofobia pues desaparezcan jotos maricones putos gay lesbianas machorras tortilleras demás sinónimos,1,1,0,0,1,0
28,mexicovsdominicana ve q arreglado q méxico gane falso rosique puñal mao guau puto cabron,0,1,0,0,0,0
29,vmgleza esperé respuesta pregunta sabes dicen gay ... '' palomitas chile '',0,1,0,0,0,0
30,xneritax bien gustaba pequeño marica p,0,1,0,0,0,0
31,ahora si apuesta maricon turko_dager milán volverá llorar octavo jajaja,0,1,0,0,0,0
32,mamada eh seguramente irán pendeja marcha ma closeteros marchaporlafamilia,0,1,0,0,1,0
33,oficial_aaadave margarita_ramss calmate afeminado,0,1,0,0,0,0
34,-eres mente abierta -no -y homosexuales -no culero alumnos uvm campus tuxtla,0,1,0,0,0,0
35,santiagodelacm puñal,0,1,0,0,0,0
36,peponrsk paliplax davidrincongz chingue madre puñal chivista pali,0,1,0,0,0,0
37,oye ¿ya dijiste padre homosexual -no inscribí facultad comunicación,1,1,0,0,0,0
38,ser homosexual implica nunca agujero equivocado punto gay,0,1,0,0,1,0
39,seguro ma profundo infierno lugar reservado persona utilizan escopetas linea maricas,0,1,0,0,0,0
40,neee alchile váyanse verga pinch jotos bye,0,1,0,0,0,0
41,adivinen maricas dejaron sola viendo anabell dio miedo :face_without_mouth: si hermanos :face_with_hand_over_mouth::pleading_face:,0,1,0,0,0,0
42,swisingley díselo transgénero ganó miss españa,0,0,0,1,0,0
43,jpequenoc edumascorro bien marica,0,1,0,0,0,0
44,pinche notó maricon vente hacer lío lado :face_with_tears_of_joy:,0,1,0,0,0,0
45,rusozamogilny decían margarita atlas hoy mariquitas limosna puntos,0,1,0,0,0,0
46,homosexual persona gusta persona mismo sexo puto lea mecausogracia ehhhhhhputo,0,1,0,0,0,0
47,aleecvzs bien marica,0,1,0,0,0,0
48,el_universal_mx bien transgénero jamás igual mujer,0,0,0,1,0,0
49,ivanelsonrix jorge_sancarr jackskinripper robertito_bravo par closeteros,0,1,0,0,0,0
50,genarolozano gabrielguerrac cárcel marica deben delincuentes infringen ley hicieron policía guadalajara url,0,1,0,0,0,0
51,siiii ¡¡¡ maricon ¡¡¡¡,0,1,0,0,0,0
52,rarito negro idiota,0,1,0,0,1,0
53,_mikastro nalgas si lesbiana jajaja,1,0,0,0,0,0
54,da tanda maricon,0,1,0,0,0,0
55,mariquita mariquita niña siempre gritas,0,1,0,0,0,0
56,flaminkgoes ufa amigo si gay declaramos príncipe,0,1,0,0,0,0
57,yovanymartillo chido joto arrobo bloqueado,0,1,0,0,0,0
58,ing química igual jotos mamen url,0,1,0,0,0,0
59,sociedad preferencias sexuales moda libre elección aparentemente innata aborrezco `` homosexuales '',1,1,0,0,0,0
60,jota cajera casi avienta dinero dije quería redondear :face_with_tears_of_joy:,1,1,0,0,0,0
61,caga jotos hagan url,0,1,0,0,0,0
62,buena noche deporte desestres cena amigo maricas cuidan línea jajaja ches jotos descansar dicho,0,1,0,0,0,0
63,rober_paradise mundoatlas dejo ir aah muuy feliz ser chiva maricon :raised_fist::raised_fist::raised_fist:,0,1,0,0,0,0
64,pena mejor performance unas vestidas malos premios vmas,0,0,0,1,0,0
65,joserive_ ailed_merida maricas ustedes,0,1,0,0,0,0
66,manunisima sucedió lesbiana loca edificio seguro /cc soylakikis,1,0,0,0,0,0
67,reeemputa dejen jugar mujeres trans torneos femeniles vergas bloqueas cabron pesa doble triple fuerza,0,0,0,1,0,0
68,kenya_coronado cállese vieja lesbiana,1,0,0,0,0,0
69,ptm ando joto jajajajajajajajajaja kiero llorar felicitaciones q dado u.u,0,1,0,0,0,0
70,debe ser papá mamá gay gay saludos sur df tráfico fluido sabueso dl sur,0,1,0,0,0,0
71,benemeritosgc fanaticos mariquitas ustedes además capaces seguro organizar golpe vigilar enfermizos policia guardiacivil zoidoji,0,1,0,0,0,0
72,nora_ruvalcaba roycampos pgr_mx twittersupport rickdjmx emarthaaide ileana_mex sofimenem carlostorresf_ manuelvegacln carmen_olvera ysenger magdagraciasfch manches maricones tirar alguien silla ruedas tener madre hacen mitin va ruso madr earon prepotente,0,1,0,0,0,0
73,sergiosarmiento fernandeznorona viejo ma pendejo maricon norona,0,1,0,0,0,0
74,eduardotrelles confundas wilo solo trelles sabia sabíamos maricones q mafia favor televisa,0,1,0,0,0,0
75,lexpedraza si puñal,0,1,0,0,0,0
76,partida skywars hecho enojar ma ninguna ven ak marica url,0,1,0,0,0,0
77,poqkeeet vato :face_with_rolling_eyes: puta lencha,1,0,0,0,0,0
78,lemur____ maricon ofendido :face_with_tears_of_joy:,0,1,0,0,0,0
79,mscharlottewwe padre pendejos pendeja marica,0,1,0,0,0,0
80,amigo dice ser gay únicamente sabrosear amigas :face_with_tears_of_joy::face_with_tears_of_joy: bien ahí campeón,0,1,0,0,0,0
81,mejor `` '' q incluye femenino masculino transgénero homosexual bisexual q semana agregue corrección política url,0,0,0,0,1,0
82,cooperamos hacerle restauración clarketo culo seguro busca arreglarse closetero clark bautizo :glass_of_milk: acuerde regresa buen camino :face_with_tears_of_joy::face_with_tears_of_joy::face_with_tears_of_joy::face_with_tears_of_joy: url,0,1,0,0,0,0
83,¿qué pedo putos ¿quién infló ego da valor quién hizo daño,0,1,0,0,0,0
84,realmarosilva ma disgusto ver persona trans pasa escondiendo ser trans si ..,0,0,0,1,0,0
85,elmexparienton f puros chistes jotos q onda,0,1,0,0,0,0
86,nhaiper oalh javierenrikez :face_with_tears_of_joy: mayate chicharra,0,1,0,0,0,0
87,aztecapuebla prudrirse l carsel x estafador corrupto pinche mariquita,0,1,0,0,0,0
88,cómo favs putos url,0,1,0,0,0,0
89,_romirodriguez jajaja marica verdad cree marica jajaja,0,1,0,0,0,0
90,julioorojo primero buenos días segundo quito joto,0,1,0,0,0,0
91,eeeeeel panchoso corridos diciendo narco mamo jajajajajajajaja nunca ah visto putisimabida joto jajaja,0,1,0,0,0,0
92,jotos fin caen bien jaja :face_with_tears_of_joy: url,0,1,0,0,0,0
93,je_cancino tigresoficial sacaron jotos jajaja celebrar segundo ame grabar,0,1,0,0,0,0
94,vida odia joto,0,1,0,0,0,0
95,rayos bloqueo marica,0,1,0,0,0,0
96,castillejos_m mamon localista va rayados jusgas pinche joto,0,1,0,0,0,0
97,puto hizo sinónimo gay joto puñetas marica bombillo manocaida hipócritas fifacom puto puto,0,1,0,0,0,0
98,eh mames tampoco joto,0,1,0,0,0,0
99,bauzaoficial nadiferpineda marlon_ramirezm ariannaangelesa iraismj carlosrugeriom recuerda allegados compadres amantes mayates influyente actual administración puede hacer menos gente,0,1,0,0,0,0
100,tan pinche mandilon joto,0,1,0,0,0,0
101,monift joto abrazó jajaj ntc tocan bien,0,1,0,0,0,0
102,nflenmiadn maricones,0,1,0,0,0,0
103,chiste cuenta solo pinche gallo maricón cagón aparte mamador :face_with_tears_of_joy::face_with_tears_of_joy::face_with_tears_of_joy: url,0,1,0,0,0,0
104,mal momento puto taquero ponga hotel california :face_with_tears_of_joy::face_with_tears_of_joy::face_with_tears_of_joy:,0,1,0,0,0,0
105,q gay viste,0,1,0,0,0,0
106,neta sorprende hueva gueis vato bien parecido-mamado pone cosas chile dan gracia jotos `` juhjugujugjug pazas '' url,0,1,0,0,0,0
107,nisiquiera sabia puta drogadicta horrenda machorra tenia twitter :unamused_face::face_with_rolling_eyes::nauseated_face:,1,0,0,0,0,0
108,lilheathenmma pinche joto maricon decepcionante participación jamás pagaría verte nuevamente octágono,0,1,0,0,0,0
109,morirse clase escuela pa jotos,0,1,0,0,0,0
110,amigo luego lesbiana lesbiana karla garcía amo karla así chichi mega machorra omg pensé hombre,1,0,0,0,0,0
111,kpx voz trans :water_pistol::water_pistol:,0,0,0,1,0,0
112,explíquenme urgencia jotos hacer reel tiktoks peluca voz mujer,0,1,0,0,0,0
113,si creen argentina importa saben mexico :hot_pepper: pd quisieron coger do gay :face_with_monocle::thumbs_up_medium_skin_tone:,0,1,0,0,0,0
114,jenarovillamil jjrendon joto joto rendón méxico rt,0,1,0,0,0,0
115,puto viejo joto alvvvvvvv pícate culo punto formato vergas ishikawa pelan alv pendejo metete verga alvvvvvvvvv,0,1,0,0,0,0
116,caso closeteros escorpio peores tlj doctores niños rico hijos papi mami url,0,1,0,0,0,0
117,_tiogamboin valiste verga url f soda jotos,0,1,0,0,0,0
118,marica veo cucaracha :confounded_face: asca diug,0,1,0,0,0,0
119,url esperabas arcoíris :rainbow: marica,0,1,0,0,0,0
120,ahhh ademas chairo mdejo mayate si reúnes eh,0,1,0,0,0,0
121,ex famoso actor tunde durísimo rivales llamándola incluso '' cara travesti '' entérate,0,0,0,1,0,0
122,mira pendejo mides mt piernas nalgas feo prieto terminar juzgas conoces enseñaron respeto casa sabes debe entablar conversación url envidioso marica,0,1,0,0,0,0
123,puedes criticar llamarme afeminado tremenda falta respeto buen milenial mides bye,0,1,0,0,0,0
124,niñas hermosas frente resulta lenchas nomames,1,0,0,0,0,0
125,ver si dejas stalkear maricon,0,1,0,0,0,0
126,rovazquezl joto pocos huevos si foto dm publicamos,0,1,0,0,0,0
127,leonkrauze chemamtzmtz conclusión krause miedo perder chayote próximo sexenio va contestar digno preciado tiempo llorar mariquita,0,1,0,0,0,0
128,will_fucku marica ahorita bajo vos cierto todavía sirve transformer jajajajajajaja entras estudiar,0,1,0,1,0,0
129,renacova parte penales pésimamente ejecutados dicen cruzazulcd maricas,0,1,0,0,0,0
130,pedo salga esposo transexual p ahí cambium,0,0,0,1,0,0
131,¿por tantos homosexuales lenchas carrera qfb aquí uam ¡¿pinches :face_with_crossed-out_eyes:,1,1,0,0,0,0
132,bob_chavez cola solo respeto lesbianas mujeres bisexuales jajaja jotos,0,1,0,0,0,0
133,sensei artes místicas chamanicas demas yerbas bien chambeador funcionario público gay homosexual joto putito quieran llamarlo decía sensei jotito chambeador aberración dios chingarle funcionarios url,0,1,0,0,0,0
134,visto foto perfil ajajajajaj k gay,0,1,0,0,0,0
135,sana_tu_vida respeto gana respeto comienza termina empieza además faltado respeto ud ningún joto particular pues generalice llamando así culo alegre perdón sinceridad pase usted linda tarde,0,1,0,0,0,0
136,fuerte epn olías putito url,0,1,0,0,0,0
137,mariquita calzones url,0,1,0,0,0,0
138,enrique_loopez nmms aguante maricon :face_with_tears_of_joy:,0,1,0,0,0,0
139,mexico_survivor termine pinche teatro si ganador producción joto warrior pinche decepción reality tener ver adefesio llamado naomi transformé pudran quedan disque compitiendo,0,1,0,0,1,0
140,gay apenas puedes decir piensan quieres sexo jajajaja :face_with_tears_of_joy:,0,1,0,0,0,0
141,huele marica,0,1,0,0,0,0
142,¿no respetar hecho alguien repudie homosexuales/afroamericanos/etc digo gusta vivir odiando cosas,0,1,0,0,1,0
143,ali espinoza vázquez ali lewandowiski llama ali espinoza vázquez violador come caca mierda viola niñas ali lewandowiski espinoza vázquez s comen mierdas violador viven villa hidalgo carota maricon playera rosa colocho vete villa hidalgo come caca mierda url,0,1,0,0,1,0
144,familiares gay trans lesbianas amo muchísimo propios concursos miss universo si debería ser solo mujeres url,1,1,0,1,1,0
145,manny pacquiao “ homosexuales peores animales ” url,0,1,0,0,0,0
146,brucita mariquita :woman_dancing_medium-light_skin_tone:,0,1,0,0,0,0
147,bts hacen seres asexuales eunucos así raro,0,0,0,0,1,0
148,cortate pelo gay mexicali baja california url,0,1,0,0,0,0
149,exatlonmx marica escuchaste pato cobardes,0,1,0,0,0,0
150,difícil ver s jóvenes años aun buscan identidad pasan diversas etapas chaka-emo-hipster-bisexual,0,0,1,0,0,0
151,marica loca quiere bailar,0,1,0,0,0,0
152,puto lea,0,1,0,0,0,0
153,kai_leonardo uy joto,0,1,0,0,0,0
154,masterastockhd maricon,0,1,0,0,0,0
155,jajajaja maricón jajaja alv cierto ¿no dolió mezcla mejor barca madrid messi cr,0,1,0,0,0,0
156,yubitzavilla juro qe joto lloronnn :tired_face::tired_face::rolling_on_the_floor_laughing::rolling_on_the_floor_laughing:,0,1,0,0,0,0
157,caga marica puedes llegar ser,0,1,0,0,0,0
158,sandycoben obvio peluca obvio justicieros género verga si trans queer travesti,0,0,0,1,1,0
159,lillytellez día mujer lesbianas machorras esperpentos marionetas conservadurismo géneros evolucionado escuchado vox verdaderas,1,0,0,1,0,0
160,pinche viejo joto años yendo tocadas sabes van empujar aguántese,0,1,0,0,0,0
161,nandoreyes hace rato escuchando narración hicimos url grité goles mariquita calzones :face_with_tears_of_joy::face_with_tears_of_joy::face_with_tears_of_joy:,0,1,0,0,0,0
162,igual cachamos transformer tuit miren .. triste,0,0,0,1,0,0
163,url puto primero contagie coronavirus :rolling_on_the_floor_laughing::man_facepalming::face_with_thermometer:,0,1,0,0,0,0
164,liatrueba luego porqué lesbianas pinche descomposición cabe duda echado perder mundo ¡cuanto pinche joto dios bueno mejor tocan,1,1,0,0,0,0
165,siento bola inútiles homosexuales compara viajes ma disfrutado vida amo perros coralina daylight club url,0,1,0,0,0,0
166,gooooooool huevooo putos bravo maricones,0,1,0,0,0,0
167,lopezdoriga ahora tigre maricon pinche vendido si quieres vente pago boleto veas coronarse chivas,0,1,0,0,0,0
168,andrewsgamez jajaja joto,0,1,0,0,0,0
169,albornoz_mx javier_corral tierra dice “ joto ” animo ofender comunidad lgbt,0,1,0,0,0,0
170,diegoteodia pinche joto jajajajajaja,0,1,0,0,0,0
171,homofobia culpa maricones corrientes gente gay respetada,0,1,0,0,0,0
172,caga sentir alguien caga solo echo sentir siento tan marica,0,1,0,0,0,0
173,juanbcrra gay,0,1,0,0,0,0
174,panda oro miembro quiero vaya cagada fox sport rompiendo tridente mágico meter calzador narraciones machorra,1,0,0,0,0,0
175,maricon mierda,0,1,0,0,0,0
176,jurooooo queríamos bailar tan joto :face_with_tears_of_joy::face_with_tears_of_joy::face_with_tears_of_joy::face_with_tears_of_joy::face_with_tears_of_joy::face_with_tears_of_joy::smiling_face_with_horns: danieltvherrera arturomapache… url,0,1,0,0,0,0
177,ree encabrona hombre enojen niñas pendejadas groceros url luego tachan dramáurl maduren putos,0,1,0,0,0,0
178,gay dicen `` bro '' namames come doblada vienes decir `` bro '',0,1,0,0,0,0
179,“ putos hombre we bueno joto ”,0,1,0,0,0,0
180,i_muor weba gente quema hace caros productos habla queja regala taco necesitados maricones dicen,0,1,0,0,0,0
181,asfixiada sobrina lenchita chiquita hambre,1,0,0,0,0,0
182,aaah viejillo mañurl puñal diría url,0,1,0,0,0,0
183,oigan ¿no parece vladimir putin joto ven dicen soltero maduro mary kong seguro,0,1,0,0,0,0
184,latortilleriaq si vamos hacer vagón `` seguro '' incluya hombre gay saquen lenchas appleninde inmujerescdmx,1,1,0,0,0,0
185,fcomovaz biejo joto,0,1,0,0,0,0
186,conozco nadie pueblo salir solo mejor amigo marica sé dormir obliga beber solo :sad_but_relieved_face:,0,1,0,0,0,0
187,`` mamada aceptaría hígado pendejo hijo potrillo '' vicente podemos decir ok entonces `` rechacé transplante tal homosexual drogadicto '',0,1,0,0,0,0
188,frase-puñal pablo iglesias '' acuerdo albert rivera derechas haga falta '' elpaisdebate,0,1,0,0,1,0
189,video tan sincero puto escorpiongolden url gente favor,0,1,0,0,1,0
190,ven bastante jotos,0,1,0,0,0,0
191,sergioesquerra marvinfiscal lcoanabe preocupes atiendo gay lesbianas conocido simpatizo comunidad prefiero atender asuntos tener tipo clientes exponiendo colegas ser `` chuleados '' persona saben respetar buenos días,1,1,0,0,0,0
192,neta hombre apoda '' chofis '' ... pedazo joto p,0,1,0,0,0,0
193,va descontroooolooooooooooooolaaaaaaaaaaaar aaronramsey llévate joto mario bautista plis,0,1,0,0,0,0
194,si muchas vestidas agregadas tener mayate ser,0,1,0,0,0,0
195,amor t doy besitos q chilles q maricon babe,0,1,0,0,0,0
196,¿a dónde va ir vacaciones -nueva york -las vega -parís -londres toda jotas clichés saben destinos,0,1,0,0,0,0
197,llorar joto nomás débiles lloran,0,1,0,0,0,0
198,caifo maricon primero van amigo ¿cuando llegas,0,1,0,0,0,0
199,homosexuales sientan rihanna piensen algún día ser serios horita pronto seguimos busqueda,0,1,0,0,0,0
200,ofendidos molotov cantaba puto wey méxico puto vemos sinónimo “ homosexual ” puto pone salcita pica taco va america ofende cualquier pendejada putos url,0,1,0,0,0,0
201,aguantense pinch maricas pechos frios :face_with_tears_of_joy:,0,1,0,0,0,0
202,iyaroboxander jajaja odio dios combinado quitará travesti ve jared,0,0,0,1,0,0
203,`` ¡marica `` gritaron entonces guardó clóset,0,1,0,0,0,0
204,¿saben sheinbaum desapareció cuerpo granaderos exacto volvió bisexuales mafia gay,0,1,1,0,0,0
205,csalcedojr color cabello parece travesti merced jajajajaja tigresoficial url,0,0,0,1,0,0
206,¿no gusta zayn preocupes sabia lesbiana,1,0,0,0,0,0
207,muero risa platico tipo dice ser bisexual activo súper discreto jamás novia ex pura jota :face_with_tears_of_joy::face_with_tears_of_joy::face_with_tears_of_joy:,0,0,1,0,0,0
208,mickemeda aplica cualquier modo si homosexuales michoacanos cedemex desequilibró balanza dejando concentración anormal,0,1,0,0,0,0
209,lopezobrador_ johnmackerman si pera pendejo estes metiendo pinche ratero homosexual marcelo enrad pertenrsen mafia poder,0,1,0,0,0,0
210,paco maricón ql url,0,1,0,0,0,0
211,entiendo existen hombre tan maricones dios mioooooo penita,0,1,0,0,0,0
212,danielalepe_p mariquita,0,1,0,0,0,0
213,señor marica aesquinca marthadebayle,0,1,0,0,0,0
214,nerazzuro maciones pinche url aizen gay,0,1,0,0,0,0
215,majomendivil cálmese lesbiana frustrada,1,0,0,0,0,0
216,gente quiere joto jaja maman,0,1,0,0,0,0
217,dan mucha risa meme jota caso cerrado :face_with_tears_of_joy::face_with_tears_of_joy::face_with_tears_of_joy:,0,1,0,0,0,0
218,donvocero promete debe cumplir quejarse lloriquear maricones cumpla prometió chingada sigo esperando gasolina peso narcos cambien armas tractores crecimiento ciento anual contentas adorarlo,0,1,0,0,0,0
219,fernanfloo guevon maricon haces dije juega nivel online geometry dash si vez dije,0,1,0,0,0,0
220,mariobautista_ nuevo juan gabriel joto url,0,1,0,0,0,0
221,:smiling_face_with_hearts: monterrey mariquitas url,0,1,0,0,0,0
222,federer mierda esfuerzo jugar marica tie break,0,1,0,0,0,0
223,jlozanoa mfbeltrones puras pinch cacas felicitas dios cría juntan borracho borracho drogo drogo joto joto machorra machorra lozano beltrones,1,1,0,0,0,0
224,puro joto tóxico peleonero cumple años mayo :skull:,0,1,0,0,0,0
225,abrahamendieta jota liosa derecha,0,1,0,0,0,0
226,brendaplancarte jajajajajaja puto wilo,0,1,0,0,1,0
227,deja doler panza comido:confounded_face:que pasó amigo dónde quedó estómago hierro poniendo medio gay,0,1,0,0,0,0
228,boda gay ¿les avientan arroz popote,0,1,0,0,0,0
229,fer_gay therock alexmonthy hectortrejo inspiró recordándome canción url,0,0,0,0,1,0
230,sabado quién debe ser mensaje festejo viejito bastón lunes pum andarle jugando vergas mandaron chingada computrabajo puedes buscarle `` recamarera `` maldito marica,0,1,0,0,0,0
231,mario__tag freddier nono curso profesional eco drag race car estudiantes millones crowdsourcea nuevo tesla,0,0,0,0,1,0
232,jajaja lesbianas dan miedo,1,0,0,0,0,0
233,metele joto suerte :winking_face::thumbs_up:,0,1,0,0,0,0
234,traviesoarce pinche puto maricon huevitos miedo primero hablador ahora disculpa falta huevos :pile_of_poo::pile_of_poo::pile_of_poo:,0,1,0,0,0,0
235,evidegaray sofiariverat linda abuelita gay evidegaray puñal url,0,1,0,0,0,0
236,tarda jotas liosas pongan hacer comparaciones url :face_savoring_food: url,0,1,0,0,0,0
237,¿en momento tinder permitió apartado mujeres llevará homosexuales fingen ser mujeres todavía cobran verlos fracasando tinder,0,1,0,0,0,0
238,caga jugador único toda excelencia opaca toda estupidez hace maricón,0,1,0,0,0,0
239,tragedias marcaron -legalización matrimonio homosexual -asalto capitolio -protistas cuba -atlas cruz azul campeones lleno bendiciones éxitos alegrías menos tragedias,0,1,0,0,0,0
240,aristeguionline si creen lesbiana ésta chequense mensias claro ejemplo tema,1,0,0,0,0,0
241,¿qué onda amigas hermana años dicen bisexuales seaaaa,0,0,1,0,0,0
242,huele joto playa muertos in puerto vallarta jalisco url,0,1,0,0,0,0
243,lasantiagoo jajaja po mariquita llamaría decirte `` gay '' así después colgaría,0,1,0,0,0,0
244,mejor hago puto,0,1,0,0,0,0
245,weyes cejas travesti sabe dan jota tele,0,0,0,1,0,0
246,putos mierda equipa ma maricon clase corazon url equipo ma odie chelsea,0,1,0,0,0,0
247,nachtavera estes joto siempre hablo perro,0,1,0,0,0,0
248,_nxlsxn caracoldiaz tatiana joto parece conoces encuerada,0,1,0,0,0,0
249,coincamx jackskinripper robertito_bravo va pescar mayates mar adentro nadie vea depravaciónes tremendo homosexual,0,1,0,0,0,0
250,parecen transformer madres ciertamente pobre url,0,0,0,1,0,0
251,puto vestido culero,0,1,0,0,1,0
252,acabo juego maldito joto asqueroso pagas pq pagas :face_with_hand_over_mouth::enraged_face:,0,1,0,0,0,0
253,uomodisabbia chivas religionsagrada refuerzoschivas somos_de_chivas jajaja siempre tira piso maricon confirmó,0,1,0,0,0,0
254,xxxabsolut halconnegrojr damiandgc fragsalitalent peor debes ser pinche joto horrible escuda tras cuenta foto tan culero minimo disumula gordura faja muerto hambre ardido nunca va quitar :face_blowing_a_kiss:,0,1,0,0,0,0
255,sancareforma chinga perra madre jotito,0,1,0,0,0,0
256,fin quito puto celebro,0,1,0,0,0,0
257,grandes jotos mamen disney+ :face_with_rolling_eyes:,0,1,0,0,0,0
258,felicitaciones medio do putos shit antonioattolini gibranrr gay si siguen cogiendo si pueden hacer url,0,1,0,0,0,0
259,hadalizy cervezatecate tecate broncas usemos mujeres trans peluqueras hablar orientación sexual educación nula,0,0,0,1,0,0
260,cafrealvolante puñal,0,1,0,0,0,0
261,ríen hablo gente trans especie va poner prueba identificarse humano queja parece espectacular cosas performance burla serio ... futuro :backhand_index_pointing_down_light_skin_tone: url,0,0,0,1,1,0
262,todd phillips director película joker aclaro basado cómics dc sino propia adaptación interpretación avisados anden pinch maricas llorando redes sociales .. possers url,0,1,0,0,0,0
263,tamedamus atlasfc mariquitas dicen ahora,0,1,0,0,0,0
264,fifas vean joto estadio superbowl ver rihanna url,0,1,0,0,0,0
265,“ gente binarie puede usar reloj usar do relojes usar reloj cualquier mano usar medio reloj usar reloj solo pie ninguna toda tiempo. ” -manual urbanidad carreño edición,0,0,0,0,1,0
266,eeduardobr negare equipo ande mal hecho caga juega si ofendiste comentarios pues puto amigo,0,1,0,0,0,0
267,pose lencha alfa :rolling_on_the_floor_laughing:,1,0,0,0,0,0
268,aurelionuno menos importa niñez mexicana utilizas escudar mezquinos intereses pinche mayate,0,1,0,0,0,0
269,cambiaste gorda mísera machorra culera :middle_finger_light_skin_tone::smiling_face_with_sunglasses: url,1,0,0,0,0,0
270,tsngirls girlyshemales shemalepro mytsvideo shemalelusty ts_lolita nenastranscom trannylovee blacktgirltube tscamstars brazil_trans blacktgirlsinfo godivatgirls hermosa,0,0,0,0,1,0
271,—bueno pues pasó euforia papá ahora dime vestido blanco azul —que vale verga color quítatelo pinche maricón,0,1,0,0,0,0
272,termines mordiendo almohadas mayate,0,1,0,0,0,0
273,dana_corres ytzmaya sof_j laura_lecuona la_go_mess hmmm entiendo reconocer diferencias implica luchar terceros solo ¿como aplica mujeres indígenas trans-nacionales ahora veo -digamos personal- sumando lucha negándola,0,0,0,0,1,0
274,machorra americanista :thinking_face:,1,0,0,0,0,0
275,marica,0,1,0,0,0,0
276,cree bien macho disque influencer realmente soyrobrmx marica puñetas gusta color rosa pone mameluco niños :rolling_on_the_floor_laughing: conlosninosno redamlove oposicionmoralmentederrotada gallotal redamlo rorocanibal url,0,1,0,0,0,0
277,chingan grito puto si sientes ofendido bien pendejo odiemos homosexuales,0,1,0,0,1,0
278,verá joto baking :face_with_tears_of_joy:,0,1,0,0,0,0
279,ustedes quieren nadie hagan jotos llega alguien ahí cargándola,0,1,0,0,0,0
280,aplican ches jotos,0,1,0,0,0,0
281,_angelalcala amealegarza oh rayos vino joto,0,1,0,0,0,0
282,puto check joto check maricón check problema,0,1,0,0,0,0
283,asiesmonterrey zeusxoldtj _vicman ponchodenigris salio domador jotito poncho doma mayate trae,0,1,0,0,0,0
284,si:new_moon_face: gusta pelea jijiji vamos darnos madre mariquita,0,1,0,0,0,0
285,ahora toda jotitas nuevas van vomitar elogios gaga sorry jessica lange goldenglobes,0,1,0,0,0,0
286,así méxico consulta charlatán transexual ver irá año dan hueva paisanos mhonieshechicerodesatanas,0,0,0,1,0,0
287,javierbaez_ castigo joto cdmx,0,1,0,0,0,0
288,djottomty bien joto pinche miserable mijo,0,1,0,0,0,0
289,cargan bolsa mujeres mean sentados pinch jotos,0,1,0,0,0,0
290,jackskinripper quieres regalar azael tremendo joto,0,1,0,0,0,0
291,casi junio sigues puta elgorgojodemorena,0,0,0,0,1,0
292,hablando lesbianas .. vieron última foto justin bieber xd,1,1,0,0,0,0
293,pellomaldonado llorar pinche maricón ganamos nunca van ganar pinch mediocres url,0,1,0,0,0,0
294,maurod_ortega mauro marica jajaja okok,0,1,0,0,0,0
295,gerrykan ay ay traes maricón,0,1,0,0,0,0
296,lamuxevip ventaneandouno elcabaretito envygdl pues envy apuesto matado url lastima escudes perfil falso tirar tanta mierda siempre maricon,0,1,0,0,0,0
297,colorsito_ pinkkokkoa callate joto ahí sigues,0,1,0,0,0,0
298,cervezas preparadas jotos,0,1,0,0,0,0
299,revistaproceso pinche joto,0,1,0,0,0,0
300,jajajajajaja perdiste default gané marica:smiling_face_with_sunglasses:,0,1,0,0,0,0
301,puto url,0,1,0,0,0,0
302,valndin dijeron gay hombre rajamos diles digo url,0,1,0,0,0,0
303,tuca_ferretti miguelherreradt si paso pinche piojo puñal jajajajaja profe tuca máximo usted vamos sexta copa,0,1,0,0,0,0
304,argentina chingan pinch holandeses maricones hijos ptm,0,1,0,0,0,0
305,vicentefoxque centrofox marica mierda,0,1,0,0,0,0
306,sopitas greciaplg pensé podías ser ma joto ahha,0,1,0,0,0,0
307,nunca visto maricon reunido,0,1,0,0,0,0
308,weey esque pinche gay lesbianas dan mal ejemplo :face_with_rolling_eyes: url,1,1,0,0,0,0
309,clubamerica excelente vamos contodo mañana ganar clasiconacional callarles hocico perras cuernos maricones chivas,0,1,0,0,0,0
310,si marido defiende nadie felicidades marido marica seteniaquedecirysedijo,0,1,0,0,0,0
311,jajajajaja k marica bloqueas wa aguantas nada:face_with_tears_of_joy::face_with_tears_of_joy::face_with_tears_of_joy::face_with_tears_of_joy::face_with_tears_of_joy:,0,1,0,0,0,0
312,magnate ofrece mdd hombre conquiste hija lesbiana url,1,0,0,0,0,0
313,fdcradio pues medio canijo darles consulta manfloras ... gaysurltransgenerosurl posiblemente violinesurl cañurl,0,1,0,1,1,0
314,clonmil quédate vieja :winking_face_with_tongue::winking_face_with_tongue::winking_face_with_tongue: pinche viejo joto:grinning_face_with_big_eyes::grinning_face_with_big_eyes: url,0,1,0,0,0,0
315,algún día voy casar puerto partida marica digo cobarde,0,1,0,0,0,0
316,ganódelmazo neta jajajajaja patéticos priistas mierda va ganar jota closet nomaspri,1,1,0,0,0,0
317,puto maricon rayadosnosalecampeon,0,1,0,0,0,0
318,elssieip saliste escondite mariquita,0,1,0,0,0,0
319,angelmezaw hazla campos concentración matan jotos,0,1,0,0,0,0
320,davidpechsosa siempre insultas .. maricon .i veniste casa h u.u,0,1,0,0,0,0
321,evysoto costeña chile transgenero jajajajjajjaaja,0,0,0,1,0,0
322,empezando cumple marica rené juan at in guadalajara jal url,0,1,0,0,0,0
323,gusto bien maricas,0,1,0,0,0,0
324,traguese bien verga madreo puñal url,0,1,0,0,0,0
325,puto url,0,1,0,0,0,0
326,jdonadus puro joto foto avatar jajaja url,0,1,0,0,0,0
327,si gusta amigo gay automáticamente vuelve mamila url,0,1,0,0,0,0
328,¿son jotos jajaja,0,1,0,0,0,0
329,arielurosas nuxsilva ayuññ po dicen oph send nerdez trans .. “ ahora aplico carta arirosas poder ” música yugioh,0,0,0,1,1,0
330,agh_bo adal_gvc lloren jotos,0,1,0,0,0,0
331,faitelson_espn puto gordito moral distraída satanizando renalgon ibarra,0,1,0,0,0,0
332,cago risa twit joto dio cuenta corona hahaha,0,1,0,0,0,0
333,`` url '' sneeil :speak-no-evil_monkey::grinning_face_with_sweat::grinning_face_with_smiling_eyes:,0,0,0,0,1,0
334,rigodelarosa_ tira pare si usted bien joto quiere,0,1,0,0,0,0
335,toco gay uber:frowning_face:,0,1,0,0,0,0
336,pinche estupido marica wey quítate aparato alv :expressionless_face:,0,1,0,0,0,0
337,iamfernandabec oi noma mariquita escandalosa,0,1,0,0,0,0
338,chinita sigue creyendo frank `` hombre '' mayate gimnasio,0,1,0,0,0,0
339,evilblackmx acidminds ¡si pinch redes sociales jotas usan corazones repente hace años url,0,1,0,0,0,0
340,carlos_riveero dyra_nicole aiii puto mayates jaja asta ke violen campeche,0,1,0,0,0,0
341,capispeaking travesti vato vestido transexual vato chichi transgénero vato pilin,0,0,0,1,0,0
342,andes llorón joto,0,1,0,0,0,0
343,veracru tierra mayates hermosas mujeres url,0,1,0,0,0,0
344,felipecalderon botella alchol borracho pendejo q secsenio nunca bajó menos maricon peña,0,1,0,0,0,0
345,wey peda rolitas lady gaga sale jotita interna,0,1,0,0,0,0
346,sabemono rimando contigo puñal,0,1,0,0,0,0
347,pinche maricon pendejo neta ojalá url:face_with_symbols_on_mouth::face_with_symbols_on_mouth::face_with_symbols_on_mouth::face_with_symbols_on_mouth: url,0,1,0,0,0,0
348,solo jotos url,0,1,0,0,0,0
349,"marcelo sueños guajiros fraude pendejo hocicon maricon cobarde ignorante mentiroso irresponsable fox corrió irresponsable pendejo dejaste quemar do judiciales ,además cuentas pendientes desgraciado arrastrado lamebotas amo dueño amlo url",0,1,0,0,0,0
350,¿porque puedo hablar aborto post moderno “ individuo especie humana útero ” transexuales tampoco útero post moderno “ chtm discurso odio cavernícola retrógrada pinche dios ” así razonan :smiling_face_with_sunglasses:,0,0,0,1,0,0
351,rdz_roberto donrober_ si sabemos perder marica,0,1,0,0,0,0
352,si va vestir puta años halloween menos año si pónganse desodorante luego anda bien hedionda suspensorio arnés imitación piel sudado lleno meco desconocido respeto,0,1,0,0,1,0
353,estiempode mande mensaje grupo mariquita mauhcorona,0,1,0,0,0,0
354,¿y si tierraplanistas viven espacio polidimensional tierra si plana ¿y si persona no-euclidianas ¿y si circumferencia identitaria trans-planos url,0,0,0,0,1,0
355,xjaguayo chumeltorres jajajajajaja solo contesta calan closetero chumel jajajaja,0,1,0,0,0,0
356,maldito marica envidioso deja criticar gt lt,0,1,0,0,0,0
357,putas maricas pueden tocar quebraron puto pie puro pinché drama,0,1,0,0,0,0
358,peor americanista maricón :winking_face: tigre cree grande jajajajaja,0,1,0,0,0,0
359,“ cualquier actor actriz puede hacer cualquier papel ” ustedes trans molestan veo si propuesto halle berry ser próximo batman,0,0,0,1,0,0
360,mauriciopedroza amo molotov ukrania vivió compa martindelp dudo canten “ puto ” “ rayando sol ” éxito allá…,0,1,0,0,0,0
361,ttu tirando trol bizco sifilitico loca jajajajjajajaj,0,0,0,0,1,0
362,últimamente ando intolerante mirada lasciva pinch jotos aromperhocicos,0,1,0,0,0,0
363,comprobado ser trans efecto secundario clonación url,0,0,0,1,0,0
364,juncalssolano callase hocico pinche transformer matraquero url,0,0,0,1,0,0
365,jefe puñal botarate pendejo saludos url,0,1,0,0,0,0
366,wey sano juicio dedica `` canción amor '' i 'll never love gaga j canción despedida canción romántica dedicar pareja actual sirven maricones url,0,1,0,0,0,0
367,adan_coromoto nicolasmaduro par maricones,0,1,0,0,0,0
368,santosfdz juanburgos empresarios jotos cuentas dólares lado,0,1,0,0,0,0
369,mejor modo confesar horrible decir “ oigan todes ” seguido así deleznable bien pueden decir enterraron jfk colosio luego parrandón homosexual gente solo va leer superar “ todes ” url,0,1,0,0,0,0
370,maricon,0,1,0,0,0,0
371,año chica guapa ojalá soltera año guapa ojalá feminista transgénero bisexual lesbiana pansexual,1,0,1,1,1,0
372,chivochelero stark_spiderman cara imbecil deberías pensártela do veces tirar carrilla we mm igualito periodista puñal gordo lentes aparte te humilde deja wilo puto,0,1,0,0,0,0
373,anahi asco persona muñequita homosexual pendejo mínimo haz alimenta ¡zorra,0,1,0,0,0,0
374,mariquitas mariquitas niñas siempre gritan url,0,1,0,0,0,0
375,carlosloret epn realdonaldtrump lopezobrador_ modos nadie cree solo sabemos periodista amarillista homosexual,0,1,0,0,0,0
376,alguien bien nena mariquita flojo además quiere aceptarlo,0,1,0,0,0,0
377,ascunmx jackskinripper rivero_vic url ando url si url buenos putos url,0,1,0,0,0,0
378,da mucha risa lenchas creen chingo realidad nadie pela ridículas,1,0,0,0,0,0
379,superalo quiso lesbiana buscate wey coge verga,1,0,0,0,0,0
380,ser bien feo tener madral dinero ser gay,0,1,0,0,0,0
381,anibal_alvarado maricas amarillo hacen pasar rayados crear mal ambiente torno rayados,0,1,0,0,0,0
382,alfonsineb mauriziosann josealemano oscar_dorantes jeglemqz pablorubenv kapeyo linea_caliente ponchito ser politicus primero evita parranda baile gay ok mala url url,0,1,0,0,0,0
383,metik pinche puto seguramente mete cosas,0,1,0,0,0,0
384,si sabemos pone cuatro chela aquí vienes tuitear haces difícil jota ridícula,1,1,0,0,0,0
385,lebron diva reclama ojalá jugado piston knicks viera madriza mariquita `` rey '',0,1,0,0,0,0
386,florivonveliz nunca dicho multimedios pareces vato transformer arreglate,0,0,0,1,0,0
387,reporte_indigo hombre den luz sociedad pervertida degenerada dominada transgéneros,0,0,0,1,0,0
388,zangavii zangavii gay solo así entiende accionar fama maricones piensa gana emoción,0,1,0,0,0,0
389,pinche maricon url,0,1,0,0,0,0
390,johnerencastle eduardo verástegui terminó mayate políticos deja trabajar televisa,0,1,0,0,0,0
391,m_ebrard gobiernomx conforman onu putos jotos url,0,1,0,0,0,0
392,puto unfollow ahora deje tw fav,0,1,0,0,0,0
393,si gente supiera marica manda biblias whatsapp caería teatro `` siento bien vergas '',0,1,0,0,0,0
394,ta jota foto vdd,0,1,0,0,0,0
395,pptnlk monchepepe invictossomos si verdad ve joto :see-no-evil_monkey::face_with_rolling_eyes::rolling_on_the_floor_laughing:,0,1,0,0,0,0
396,chivas jotos maricones jorgevergara url,0,1,0,0,0,0
397,macho alfa respeta anda mamadas usar guantes entrenar pinch afeminados huevos adorno pendejos,0,1,0,0,0,0
398,caroruix ahhh entonces amiga closetera ma,1,0,0,0,0,0
399,cnnmex bravo ¡ ¡ ¡ homosexuales involucren look modelos,0,1,0,0,0,0
400,lomásleídodelai » envían `` machorras '' cereso url,1,0,0,0,0,0
401,cc jotos hombre usan `` cc '',0,1,0,0,0,0
402,tener álbumes justin itunes convierte gay verdad,0,1,0,0,0,0
403,cperaza aletzbravo puedes maricon,0,1,0,0,0,0
404,marica pareces :squinting_face_with_tongue:,0,1,0,0,0,0
405,jotita michoacána,0,1,0,0,0,0
406,emigamuza alguien quiere pagar pinche marica,0,1,0,0,0,0
407,pinche morro meco traes mazda estacionas doble espacio rayen :face_with_tears_of_joy: ferrari joto,0,1,0,0,0,0
408,josebuendiamx escribapersonal supuesto venganzas homosexual reprimido,0,1,0,0,0,0
409,ahora resulta hombre pinch lesbianas váyanse chingada pinche mundo loco url,1,0,0,0,0,0
410,arturodammarnal lopezobrador_ puñales perfil,0,1,0,0,0,0
411,bizbiriije tigresoficial gracieve bizbiriije tigresoficial jotito rayado enamorado quiere contesten jaja,0,1,0,0,0,0
412,-jajaja piiiinche joto pinto uñas joto -tu mamá,0,1,0,0,0,0
413,chido masaje cagante ultimo di cuenta puto:face_without_mouth::collision::water_pistol:,0,1,0,0,0,0
414,andreaurriza manceramiguelmx amigo jotos,0,1,0,0,0,0
415,kirk cameron “ dios odia gay van ir infierno ” escogí ser heterosexual esos… url,0,1,0,0,0,0
416,acabo acordar juanpa dijo mamá pensó lesbiana ven si urge novio,1,0,0,0,0,0
417,tosscomayor jackskinripper hace quieren coger par mayates,0,1,0,0,0,0
418,rturrent helldevice sergiosarmiento inmoral joto,0,1,0,0,0,0
419,puro joto va escuela hoy,0,1,0,0,0,0
420,amigo hoy pude hacer sentadillas agusto horrible homosexual veía nalgas,0,1,0,0,0,0
421,beto enrique plaza sésamo pareja salir ¡por favaar fuerza ser gay,0,1,0,0,0,0
422,ojalá puñal pueda ir usa,0,1,0,0,0,0
423,fernanfloo a hecho dige geometry dash juegues nivel online marica puto miedos mierda maricon,0,1,0,0,0,0
424,qp loca lesbiana:new_moon_face::flushed_face:,1,0,0,0,0,0
425,mega puto turbo ultra come sable url,0,1,0,0,0,0
426,daría oso novio pusiera joto amigo anda bien pedo medicenchu fosizaldivar url,0,1,0,0,0,0
427,jotos gdl aire diva plz,0,1,0,0,0,0
428,artusantillanes dile medrano q joto hable mal mugre empresa vendan equipo,0,1,0,0,0,0
429,`` respetamos decisión fulano '' frase tanhueca ypuñetas yvacía ajajaja osea dequésirve esmásbien decir caga joto,0,1,0,0,0,0
430,danielgcalderon cortaste pelo marica,0,1,0,0,0,0
431,palopalitom visaje marica sé ve peor sabemos ...,0,1,0,0,0,0
432,pajaropolitico newsweekespanol chingue madre ello joto madrina orate rt,0,1,0,0,0,0
433,abandonadostv yorshdepolanco julietagrajales viendo q sé ve bn joto jul mejor impresión cada día url,0,1,0,0,0,0
434,hombre emocionan ir corona capital usan kotex fuman mentolados ódienme pinch jotos :face_with_tears_of_joy:,0,1,0,0,0,0
435,mañana podrán salir delincuentes estaran crudos borrachos gano equipo maricas,0,1,0,0,0,0
436,albertochavezv marchaheterosexual putas trato especial todavía indesisos queden camino machin,0,0,0,0,1,0
437,mariquita url,0,1,0,0,0,0
438,tenia ser hermano jajaja igual pinch jotos dos:face_with_tears_of_joy::face_with_tears_of_joy::face_with_tears_of_joy:,0,1,0,0,0,0
439,vatos gay enfrente besaron bien cabron sentí violado,0,1,0,0,0,0
440,¿putito refieres,0,1,0,0,0,0
441,caballonegro ok señalen solo hombre mujeres trans da aaaaaaaaaa,0,0,0,1,0,0
442,chivasfemenil jajajajaja we si así pegue jotos :man_facepalming_light_skin_tone:,0,1,0,0,0,0
443,julio jotas ridículas jaja,0,1,0,0,0,0
444,sabía maricas tan descarado :face_with_tears_of_joy::face_with_tears_of_joy::face_with_tears_of_joy::face_with_tears_of_joy: url,0,1,0,0,0,0
445,soyecchi mayatitos :drooling_face::drooling_face:quiero,0,1,0,0,1,0
446,joto queriendo hacer gol fingiendo falta tipicodelamerica,0,1,0,0,0,0
447,jeetchiapas jajajajajajaja puto,0,1,0,0,0,0
448,cosas vale verga jotas mundo decirle tipa mujer mejor dile puta suena menos mal si haces homie url,0,1,0,0,1,0
449,‘ fin saliste escondite mariquita ericksolana url vía youtube,0,1,0,0,0,0
450,josuegonzaleztv blancoduran tigresfemenil rayelizalder mtyfollow '' bloqueare insulte '' quieres té taza princesa disney jotito,0,1,0,0,0,0
451,cervezas light jotos ser :face_with_rolling_eyes::face_with_rolling_eyes::face_with_rolling_eyes: embarcadero nuevo nativitas url,0,1,0,0,0,0
452,lamentable seguidores hombre tan homosexuales url,0,1,0,0,0,0
453,súper poder tener puro fan joto horror,0,1,0,0,0,0
454,lalord_ quitó marica,0,1,0,0,0,0
455,el_mas_callado url travesti trans :face_with_rolling_eyes:,0,0,0,1,0,0
456,personajesilustrescegl karla villarreal niño '' maricon '' mordio hijo,0,1,0,0,0,0
457,señor eliabito sienta bien televisión debería ser conductor tv noma hable huevos escucha joto jajaja,0,1,0,0,0,0
458,pinche joto igual ve horrendo filtros vato vurl mejor siga puta posteando fotos calzones viajando mundo puta jeta quasimodo,0,1,0,0,0,0
459,conchitawurstque pitos toca goldenglobes maldito joto feo url,0,1,0,0,0,0
460,chumeltorres ahí dice claramente aparte joto mitomano url,0,1,0,0,0,0
461,beatrizgmuller ledvarela puta madre si sigues joto culo hacha lado haces agua jajajajaja jajajajaja,0,1,0,0,0,0
462,favor ma grande pueden hacer jotas adoran llamar atención través polémica ignorarlas,0,1,0,0,0,0
463,kymberlybebita tomen cuenta va dejar plantados maricon pocos huevos url,0,1,0,0,0,0
464,pinche grupito puros putos mmes,0,1,0,0,0,0
465,waze mariquitas verdadero macho alfa lomo plateado barba cerrada nalga torneada mete instinto animal dice,0,1,0,0,0,0
466,vucetichmeteme veracruz jotos jajajajaja,0,1,0,0,0,0
467,cogió maldito marica,0,1,0,0,0,0
468,travesti jajajajaja broma,0,0,0,1,0,0
469,mecos maricas nacos peor combinación mundo,0,1,0,0,0,0
470,mepongoborrachopor puro gusto depresion maricas xd,0,1,0,0,0,0
471,joto ma feo,0,1,0,0,0,0
472,hombre gay ma estéticos refinados lesbianas machine url saludos comunidad lgbt,1,1,0,0,0,0
473,solo vine gritarle `` puto '' portero león damita url :relieved_face::sign_of_the_horns_medium-light_skin_tone:,0,1,0,0,0,0
474,chinga madre viejo maricon,0,1,0,0,1,0
475,popperdelrey ketchuy lástima maricas borraron comentarios arrepentidos asustados,0,1,0,0,0,0
476,juan_mhm joto,0,1,0,0,0,0
477,olegaraveug así homosexual despiertas hahaha,0,1,0,0,0,0
478,transexual belindapop bloqueo instagram :face_with_crossed-out_eyes: url,0,0,0,1,0,0
479,hersanmx gainfante nolocuentestv así maricon palabra jajaja patetico,0,1,0,0,0,0
480,exatlonmx antonio_rosique mariquita capitán campeón mundial comporta así puyol podría enseñar modales,0,1,0,0,0,0
481,tmfcoficial clubsantos deciodemaria irarragorri mayates dice si causan asco,0,1,0,0,0,0
482,hombre trans baño mujeres url,0,0,0,1,0,0
483,¿ cree correcto podamos utilizar palabra maricón sancionan rae avala url,0,1,0,0,0,0
484,gaboo_o joto invitate ver juego sabado jijiujiuj,0,1,0,0,0,0
485,mclovinzdu joto veníamos ahorrando gasolina,0,1,0,0,0,0
486,jajaja gay,0,1,0,0,0,0
487,hmgerardo pinche puñal aparte joto teladas bien vergas hediondo primero paga carro q rentas pendejo,0,1,0,0,0,0
488,pinche joto próximo fin salgo,0,1,0,0,0,0
489,trío jotos,0,1,0,0,0,0
490,fresatigre blanks_rayada vez joto barba,0,1,0,0,0,0
491,goooooooool gooooool rayado maricon,0,1,0,0,0,0
492,maricon jajajaja url,0,1,0,0,0,0
493,homosexuales mostrar foto mano arañada gato si morir,0,1,0,0,0,0
494,maricas ven corazones cada tweet,0,1,0,0,0,0
495,slam rocodromo culos toodos miedosos maricas,0,1,0,0,0,0
496,url eitlife gustaría existirán gay diputada morena url,0,1,0,0,0,0
497,considero open mind límites conocí tipo dice ser binario/queer usa bigote barba usa tacones bota prosti ropa niñas verdad raya ridículo causa intriga pasará mente persona :thinking_face:,0,0,0,0,1,0
498,molotovmx alfredojalifer_ orazioaguirre julioperezbpc navegaciones aguirrevictorh joseameadek lvidegaray epn gay respeto ande ofrecido,0,1,0,0,0,0
499,“ piko_glez mayates jajaja comprenderas jaja ” jaja tulipán jajaja,0,1,0,0,0,0
500,p.d activa cuenta puto grupito pinché maricon cobarde,0,1,0,0,0,0
501,iba decir mamá mejor digo jiménez puñal cuahumello analfabeto lainez inflado sirve ochoa mamada portero creo ofende sigue ser :face_with_tears_of_joy::face_with_tears_of_joy:,0,1,0,0,0,0
502,iloveramgsi marica,0,1,0,0,0,0
503,joseloordz joto malvibroso pasa viendo twitter :face_with_tears_of_joy::rolling_on_the_floor_laughing:,0,1,0,0,0,0
504,elizasonrisas ballartaexiste kha ahora vayas decir trans así,0,0,0,1,0,0
505,niños transgénero '' deja entrar escuela '' url gobiernodf amievajoserra vidallerenas jacquie_lhoist,0,0,0,1,1,0
506,esq marica eolarra salió cosas mera hora pude hacerte invitación tqhija,0,1,0,0,0,0
507,—esto asalto deme dinero nadie saldrá herido —¿me van violar —no señora —¿porqué jotos '',0,1,0,0,0,0
508,marica palabras url,0,1,0,0,0,0
509,queremos golpear gente gay queremos negarles acceso educación queremos crezcan familias url,0,1,0,0,0,0
510,weeee tipo llega joto pegaste semanas pasadas sienta lado mesa url,0,1,0,0,0,0
511,poropompom salte chemo maricon,0,1,0,0,0,0
512,joto sepa jugar mario kart hetero sabe jugar fifa shame on you,0,1,0,0,0,0
513,arrobalo viejo joto,0,1,0,0,0,0
514,dímelo cara joto,0,1,0,0,0,0
515,cara maricon cobarde pocos huevos accionnacional uaem url,0,1,0,0,0,0
516,danieltorruco jaja osea solo piensas equipo cero ver comentario naco gato ardido puto,0,1,0,0,0,0
517,hdzcontreras joto capi,0,1,0,0,0,0
518,jota gritó si dejando ir fondo lubricante masterchefmx,0,1,0,0,0,0
519,fernandeznorona arráncatela viejo joto,0,1,0,0,0,0
520,acabé temporada rupaul 's drag race días regret,0,0,0,0,1,0
521,marca así maricas realmadrid :face_with_tears_of_joy::face_with_tears_of_joy::face_with_tears_of_joy:,0,1,0,0,0,0
522,bachesdemexico diazpol alfredolecona felipecalderon ¿son maricas si ¿son pareja si rt,0,1,0,0,0,0
523,transitan echándote luce largas segun prisa rebasan menso adelante alcanzas semáforo tan ma mariquitas,0,1,0,0,0,0
524,dijeee borrado fín tambien selección lesión marica tambien borrado fer_capital url,0,1,0,0,0,0
525,nullkir nononono ley trans código penal dice quedas .. forma arete,0,0,0,1,1,0
526,el_viejopaulino diegomortera jvillarrealn jajajajajajajaja salió llorando joto cabron jajjj,0,1,0,0,0,0
527,mely_dgr sábado p creo q si pelo wero jajaja habla jotito q vive casa sabes,0,1,0,0,0,0
528,puig_ricardo meme maricon,0,1,0,0,0,0
529,buenos dia j closeteras obvias diciembre deseo corazón vayan berga dia me :middle_finger_light_skin_tone:,0,1,0,0,0,0
530,laloespana mariquita calzones,0,1,0,0,0,0
531,_itzelarizpe pues bien aclaro lesbiana bonitas salen porno así tacubaya,1,0,0,0,0,0
532,hoy salieron azules url ¡salieron escondite mariquitas juegocolosal url,0,1,0,0,0,0
533,chale haciendo maricon rolas paulina rubio trabajo cantando solo falta bailarlas fin yonosoyesamujer paulinarubio,0,1,0,0,0,0
534,puto llora viendo titanic puto enojaba llevaba balón,0,1,0,0,0,0
535,subeteamimoto jotó puedo caeeeer remixfist url,0,1,0,0,1,0
536,pregunto estara mariquita,0,1,0,0,0,0
537,uuuuyyy encontré joya cómo marica imbécil fernandeznorona respeto comunidad :smiling_face_with_open_hands: pinche perro quiero topar mendigo huevón vividor url,0,1,0,0,0,0
538,cruz_azul_fc ¡cómo caga siempre ventaja convierten putos maricones ahí friegan carajo,0,1,0,0,0,0
539,puñal canelo url,0,1,0,0,0,0
540,existen varios tipos homosexuales gustan mismo sexo fuman mentolado dan retwittear jajaja:winking_face::winking_face:,0,1,0,0,0,0
541,compa bien marica curado vato :face_with_tears_of_joy::face_with_tears_of_joy:,0,1,0,0,0,0
542,mandaron chorizo puñal url,0,1,0,0,0,0
543,sancadillanorte lahinchadamx toda historias rayados inventado sinergia escrito libro famoso mil noches lamentable bueno entiende si líder jotito sabalero :man_shrugging_light_skin_tone:,0,1,0,0,0,0
544,estebanmqzg puto primero burla crack luego llora encaran marica,0,1,0,0,0,0
545,¿alguien sabe si joto dijo karina sabia bailar comió,0,1,0,0,0,0
546,después esperar tenis ahora oír estupideces comentarios innecesarios además voz joto joseluisclerc tenisxespn,0,1,0,0,0,0
547,cc crush primaria habla si mejores amigo mundo jajaja joto acordaba existencia mm,0,1,0,0,0,0
548,donvocero silvanoaureoles lopezobrador_ pide pruebas llevan zurra así maricon,0,1,0,0,0,0
549,pollobv puto mierda después carrera :thumbs_down::thumbs_down::thumbs_down::thumbs_down::thumbs_down::thumbs_down::thumbs_down::thumbs_down::thumbs_down::thumbs_down::thumbs_down::thumbs_down::thumbs_down::thumbs_down::thumbs_down::thumbs_down::thumbs_down::thumbs_down::thumbs_down::OK_hand: hdp,0,1,0,0,0,0
550,conocido gay :nauseated_face:,0,1,0,0,0,0
551,pinché sociedad jota aguantan alv,0,1,0,0,0,0
552,`` mundo brutos hombre putos '' elcallejóndelosmilagros felizmiércoles url,0,1,0,0,0,0
553,vatos sacan lado marica morras lado sharmuta,0,1,0,0,0,0
554,escucha joto si digo dentro año quiero físico parecerza giancarlo stanton v,0,1,0,0,0,0
555,`` hijo santo pinche gringo puñal '' asì gritan aquí,0,1,0,0,0,0
556,marianadurazom maricas vamos comprar mejor empezar escribir historias :smiling_face_with_smiling_eyes:,0,1,0,0,0,0
557,luddano donporfiriodiaz va mandar fusilar maricón,0,1,0,0,0,0
558,chicovelalcocer sergiosarmiento preguntarle mejor maricón miguel ángel mancera término,0,1,0,0,0,0
559,juanistofelez crei superaría multa marica :smirking_face:,0,1,0,0,0,0
560,feo altura quieran taparle ojo macho seguir closeteros neta do veía precio pues ojalá despechado mandado verga closetero bi quizá solo culero,0,1,1,0,0,0
561,darachkmarti franpholland opinión tema actores/actrices trans cero broncas persona ci haga papel persona trans entonces dejen joder den papeles ci gente trans inversa,0,0,0,0,1,0
562,lesbianas salen comer paga cuenta yomisogino,1,0,0,0,0,0
563,venga maricones chivas empiezan caer jueguen bien carajo dejen putos,0,1,0,0,0,0
564,abrazado joto url,0,1,0,0,0,0
565,joto obsesionado peso wurl,0,1,0,0,0,0
566,_tiogamboin menos acá oaxaca nacemos tan mongoles gay tal `` gamboín '' podemos hacer `` taco pastor '' trompo cuerpo darte `` sushi '' claro su- url :hot_pepper: :face_with_tears_of_joy::face_with_tears_of_joy:,0,1,0,0,0,0
567,¡queeeeeee pinch tigres maricones,0,1,0,0,0,0
568,establecimiento discrimina aunque prietos gordas jotos nacas pobres ñoños putas licenciados etc primero paz,0,1,0,0,0,0
569,cabe duda visto medio vato viste super gay:face_with_tears_of_joy::face_with_tears_of_joy::face_with_tears_of_joy::face_with_tears_of_joy:,0,1,0,0,0,0
570,emmanueljulian do marica da igual :rolling_on_the_floor_laughing::face_with_tears_of_joy::rolling_on_the_floor_laughing:,0,1,0,0,0,0
571,hablador puto,0,1,0,0,0,0
572,beatrizgmuller siempre asnos maricas primera filum parece frustración viene familia siempre señora buen talante dando molesta consejo,0,1,0,0,0,0
573,metería bote loca sino hijueputa juez dejó libertad hace me,0,1,0,0,1,0
574,órale huevos cabron salió bien puñal guey url,0,1,0,0,0,0
575,grito homófobo fifa multa méxico do millones peso url vía regeneracionmx bien defender homosexuales único van conducir destrucción familia depravados basta protagonismo,0,1,0,0,0,0
576,va gym haces pesas sientes brazos therock vez espejo pendejo tomándose fotos pal feis selfie maricas,0,1,0,0,0,0
577,dparamooficial hablan ejimenezalvarez gt puto,0,1,0,0,0,0
578,edgardbeltran traen jotos,0,1,0,0,0,0
579,hacia cambio sexo gratis daniel maldito joto cobarde yonocreoenloshombres,0,1,0,0,0,0
580,jackskinripper ccancunenses joto alto tremendo puto¡,0,1,0,0,0,0
581,mismo decir aquel santifica fiesta pecando adentro casa orgias pedo url alguien nace hombre mujer esencia siempre aquel enamora trans gay huevo closetero url,0,0,0,1,0,0
582,amigas solteronas mejor den gracias tocayín san antonio dado novio falso panzón borracho closetero pinche feo,0,1,0,0,0,0
583,premio mellizos putos url url,0,1,0,0,0,0
584,jtrianat eljuntapalabras 'puñal mugroso,0,1,0,0,0,0
585,jajaajajajaajajajajaa jotos temen dios url,0,1,0,0,0,0
586,jimenice capitan america marica cambio tony amigo asesino,0,1,0,0,0,0
587,si mujer definitivamente url mujeres perfección,0,0,0,0,1,0
588,perro asco da afición regia nadie cerró osico puñetas gritando atrás así queman morras pack sacan dirección teléfono así quemen marica cheve ojo marica hombre huevos u gay url,0,1,0,0,0,0
589,celsoeibarra aaaayy si debe chida actuación hombre keke trans,0,0,0,1,0,0
590,vecinos noche proyectaremos festivalmix documental flavioflorencio vicemexico « trans » pm callejón url,0,0,0,0,1,0
591,sancadillanorte jajaja tenian ser jotos amargo foto rayados jajaja,0,1,0,0,0,0
592,si transexuales rostro tan tosco mujeres perfecta supercuerpos,0,0,0,1,0,0
593,trolebuses desgobierno epn idiotas pone valeria dice pito travesti clitoris desarrollado,0,0,0,1,0,0
594,puedes nacer homosexual mentira,0,1,0,0,0,0
595,estupido marica mentiroso ignorante realdonaldtrump confunde tragedia tan marcada eu newyork url,0,1,0,0,0,0
596,bren_bau marica,0,1,0,0,0,0
597,pinch científicos pillos economizar desarrollo biocombustibles nel vamos investigar cuáles animales suelen ser bisexuales lol,0,0,1,0,1,0
598,quién coño iría ver asqueroso travesti pitudo maullar :face_with_medical_mask: url,0,0,0,1,0,0
599,encantan jotos arde cabron dice quieres ellos:face_with_tears_of_joy::clapping_hands:,0,1,0,0,0,0
600,siento marica dolor,0,1,0,0,0,0
601,regia_alexandra maricas neoleoneses .. así goberladron .. apandejados .. url,0,1,0,0,0,0
602,va ir si va ir url mamy maricon,0,1,0,0,0,0
603,si oswaldo sánchez nefasto verlo berrear genus náusea marica,0,1,0,0,0,0
604,jessearan gabrielasup merthgar lesbianas ser:woman_shrugging_medium-light_skin_tone:,1,0,0,0,0,0
605,florentinakane hugochappaloni mexican_fifi homosexuales lesbianas travestis transexuales etc etc caso osea antecedente ¿porqué arriesgar mujeres niñas vuelva suceder opinión `` ojo '' ley cada,1,1,0,1,0,0
606,siempre da ganas darle chirulazo mujer parece travesti siempre dice `` brinca '' loquelehacefaltaesunbuenbrinco,0,0,0,1,0,0
607,-mario puro maricon -ese puto maricon disco oro tdfw :smiling_face_with_sunglasses::sign_of_the_horns_medium-light_skin_tone: -ale:sign_of_the_horns_medium-light_skin_tone: url,0,1,0,0,0,0
608,lilveronicar my sueño hecho realidad :smiling_face_with_heart-eyes: url,0,1,0,0,1,0
609,tespondas marica,0,1,0,0,0,0
610,thalia bloqueaste instagram acaso dolió dije thalifan lencha respondeme,1,0,0,0,0,0
611,machorra sabe único payaso brozo ... broza ... ... url,1,0,0,0,0,0
612,justinbieber pinchi maricon chupas,0,1,0,0,0,0
613,entérate descubren reproducción asexual pez sierra url url,0,0,0,0,1,0
614,cancion ma marica existe `` mañanitas '' escrita rey david pasones opio jajaja felizcumpleanosjuxxi,0,1,0,0,0,0
615,demoncerda mariohdzruiz p jotos mejor vamos cine parece,0,1,0,0,1,0
616,¡no tocaron pinche maricon,0,1,0,0,0,0
617,sido gran civil war pinch gringo maricas :face_with_rolling_eyes: url,0,1,0,0,0,0
618,puto pelon mierda ligabancomermx odio mueranse verga putos chacón ustedes putos corruptos mierda odio,0,1,0,0,0,0
619,joker_hl cero van do puñal,0,1,0,0,0,0
620,parezco puto omi duelo xiaolin url,0,1,0,0,1,0
621,pinch jotos civilwar teamironman teamstark url,0,1,0,0,0,0
622,rochaperiodista oye si niño escudo infantil oficial agresividad closetera dama así quejen malos tratos propina morrillo deberia acostumbrado,0,0,0,0,1,0
623,paso url putito url,0,1,0,0,0,0
624,notasingleducks nunca olvide champion reyes europa sigue mandando fotos pito pinche joto,0,1,0,0,0,0
625,edsondelagarza visto marica mayor jajaja,0,1,0,0,0,0
626,hacer corajes vale pena mejores cosas ver tele cable viendo pendejadas gay etcc:smiling_face_with_sunglasses::thumbs_down:meenamorosi,0,1,0,0,0,0
627,adiccionrayados big mac gignac cantarle ostigar joto,0,1,0,0,0,0
628,miguelherreradt espere aceptes ayuda árbitro maricon pendejo,0,1,0,0,0,0
629,mm pinche neymarjr marica pico hormiga,0,1,0,0,0,0
630,rumores ciertos maricas chupan mejor mismas url nadiemelocontoyolovi url '',0,1,0,0,0,0
631,jaja vato hembra carrera tarde parece transexual dice mujer trae paquete,0,0,0,1,0,0
632,acabo enamorar hombre resulta lesbiana juay diosito haces to,1,0,0,1,0,0
633,trans da mucha risa enseñan si realidad mujeres quizá atreverían :face_with_tears_of_joy:,0,0,0,1,0,0
634,danieladurannb mmmm pues pasó mariquita,0,1,0,0,0,0
635,huevo jotos imer url,0,1,0,0,0,0
636,hombre voy mirarla ojos crea pongo atención mujeres ¿será marica ¿por mira tetas,0,1,0,0,0,0
637,ser tortillero hace lesbiana cco oliver_mx url,1,0,0,0,0,0
638,mismo concepto si travesti puede cambiar género entonces derecho cambiar edad url,0,0,0,1,0,0
639,policías jotos,0,1,0,0,0,0
640,bueno pongan guardia nacional cada rincón país fin maricones podrán cumplir fantasía coger militar :nail_polish_medium_skin_tone:,0,1,0,0,0,0
641,—¿alguna pregunta —profe ¿si transexual protagoniza video viral lord lady —de clase pendejo —ah ninguna,0,0,0,1,0,0
642,caminar zona rosa ver gay genial :OK_hand_medium-light_skin_tone::shooting_star:,0,1,0,0,0,0
643,sacaron muestra sangre :drop_of_blood: tarde brazo aun dolor tan pinché maricon implique agujas cuerpo da harta risa cuan joto inyeccion muestradelaboratorio sangre mty url,0,1,0,0,0,0
644,callodehacha maldito perro recibes millones mal ... bueno dinero va pueblo maricones,0,1,0,0,0,0
645,universo alterno alxngxrcix chairo dobbyloca volvió puñal,0,1,0,0,0,0
646,van extremoooooo hombre crop top piiiiinches maricas,0,1,0,0,0,0
647,kmbappe neymarjr nel mbappe chingue madre putito :pile_of_poo: neymar aigrecitojuerte cae pinque mariquita miércoles alv,0,1,0,0,0,0
648,mundolgbttti lgbt sexybootyshd diosaslesbianas pueden morir conveniente gay_of_europa url,1,1,0,0,0,0
649,takermetal solo digo comencé día así día chingon v puto cualquier cosa gusta andar alegando xd,0,1,0,0,0,0
650,alantheprince n_eslaquit usted joto xdd,0,1,0,0,0,0
651,dile amigo k vayan ala verga parte huevos decírmelo cara putos mierda,0,1,0,0,0,0
652,ovalf_ suena marica v,0,1,0,0,0,0
653,charlsjav pinch jotos,0,1,0,0,0,0
654,maluma jotito bebé quién dijo canta acústico,0,1,0,0,0,0
655,lopezdoriga maldito maricon vergüenza naturaleza humana,0,1,0,0,0,0
656,hijo tendencia homosexual ¿qué hago url ●padres amp hermanos paulinos● url,0,1,0,0,0,0
657,quiero escribir scifi grupo marketeros descubre cómo hacer promoción subliminal súper buena par -y internet- hacen buen targeting así chingo niños “ programan ” niñas viceversa años después puom gente trans,0,0,0,1,0,0
658,rubikbrain case puto url,0,1,0,0,0,0
659,si f perro callejero gay mata primero perro deber primero despues diversion exterminenperrosdelacalle,0,1,0,0,0,0
660,llega jotito taqueria dice señor taquero meda taco chile nooo mejor taco favor jojojojo :face_savoring_food:,0,1,0,0,0,0
661,relajense mariquitas jotos putas wan na be machorras tema hace chingo hahahaa,1,1,0,0,0,0
662,cfcorrecaminos estadiomrg pinch maricones,0,1,0,0,0,0
663,méxico país chingón aquel aguanta tiempo pisteando pinche intelectual maricones,0,1,0,0,0,0
664,puros putos ahí lloran señoritas hombre puros puñales url,0,1,0,0,0,0
665,ivanecia_ volvió transgénico transgenero ahora tuitea arroba lizmenita,0,0,0,1,0,0
666,entiendan féminas bonito putos,0,1,0,0,0,0
667,contrapesoc ricardoalemanmx ojo puta marikita,0,1,0,0,0,0
668,your score try again i think you can do it well url reto pinch puñales samuelpi_ markcups santa_nero saque tramposos contesten sacaron primera,0,1,0,0,0,0
669,wulfrano pute compañurl,0,0,0,0,1,0
670,enea_salgado velascom_ veeeerga cree idiota maricon hizo bueno chiapas digo además amlo millones idiotas,0,1,0,0,0,0
671,teammovazul ah primero mame mame `` romper `` `` excelente trabajo directiva `` coman caca igual ches putitos villamelones :face_with_rolling_eyes:,0,1,0,0,0,0
672,fernandeznorona ahí si dijo mariquita dijo vestida jajajajja jajajaja nena quenenaeresnoroña,0,1,0,1,0,0
673,si va directo grano ofenden si conversación normal url parece forma responder travesti loca :thinking_face: url,0,0,0,1,0,0
674,sirena_rock cita marica adolorido `` obra maestra '' jajajaja sh,0,1,0,0,0,0
675,maigo igual suena puñal quiero chingo gracias amistad fin curl :backhand_index_pointing_right_light_skin_tone::backhand_index_pointing_right_light_skin_tone::backhand_index_pointing_right_light_skin_tone::backhand_index_pointing_right_light_skin_tone:,0,1,0,0,0,0
676,siempre cariñitos parecido maricones ahora hablo contigo diminutivo nombres url,0,1,0,0,0,0
677,si quieren tome opinión cuenta procuren ser unas locas andan enseñando nalgas redes sociales ¿ven gente nadie respeta comunidad lgbt comportan unas prostitutas sacadas sodoma gomorra,1,1,1,1,1,0
678,michohansen odin_dupeyron `` gay `` lago cisnes '' tchaikovski ¿no hetero ahí '' :face_with_monocle:,0,1,0,0,0,0
679,si festejar gol provocar ponte faldita maricon fueraaxeldeluni idea escribe url,0,1,0,0,0,0
680,gay u homosexual muchos/varios hermanos próxima vez pregunten puedes decir causa hermanos :speak-no-evil_monkey: url,0,1,0,0,0,0
681,`` marica debió haber dicho url bueno da oportunidad jaja '' —onofre diciéndome verdades,0,1,0,0,0,0
682,cristiano medio gay pregunta jajaja si cabello largo viene moda dale micky,0,1,0,0,0,0
683,asco drag mexicano,0,0,0,1,1,0
684,“ imcarlitoo traten ocultar gusta metan pene cola serprincesoes puro afeminado ”,0,1,0,0,0,0
685,teffyantonelita cada alguien discrimine lencha piensa igual discriminas toda mujeres trans veas `` ok '' toma trh,1,0,0,1,0,0
686,obra contrataré albañiles negras lesbianas equidaddegenero incluyente :OK_hand_medium-dark_skin_tone:,1,0,0,0,0,0
687,edgaromarel soydonparty xoloelvis claudiashein lopezobrador_ aparte joto delirio persecución si secuestrar van comiendo camionetas taxi acompañado niña chairo estupido,0,1,0,0,0,0
688,manzanodante gilelihu mariconcito rayado dice presidente apaleen chales seguro sale antros gay después simular heterosexualidad bronca lgbtti comunidad respetable china neblina nota maricón cobarde alienado,0,1,0,0,0,0
689,hoy dije maestro matara cucaracha quiso así simple hizo loco señores mato marica,0,1,0,0,0,0
690,villanuevac lencha jajajaja,1,0,0,0,0,0
691,hdemauleon pgr_aic opesmx alertasurbanas jmrivapalacio anafvega arnemx vigilantehuaste carlostorresf_ carloszup ¡qué puto rateritos asaltan transporte público mientras arma víctima sienten macho,0,1,0,0,0,0
692,adriannagarco marica hahaha mejor riiifate final,0,1,0,0,0,0
693,hebbws seh lista súper larga solo entretenimiento topas gente gay toda esquinas escudan closet,0,1,0,0,0,0
694,cherry_lune espero dejes contestar imagen maricón entrenes,0,1,0,0,0,0
695,amigo jotos novio quieren matar mirada,0,1,0,0,0,0
696,`` jbdzul bbakiut gerarddelrivero oye pitayo seras joto :beaming_face_with_smiling_eyes: '' //si quieres demuestro joto,0,1,0,0,0,0
697,marthaazapata obesa machorrita,1,0,0,0,0,0
698,¡¡chingó madre puta moral,0,0,0,0,1,0
699,soy_vsantillan chille jota,0,1,0,0,0,0
700,lado bus zona hotelera cancún viene sentada lesbiana realmente parece hombre aspecto sino desagradable olor sudor perro asco tantita higiene,1,0,0,0,0,0
701,‎-hijo ¿de dónde vienes tan sudado -estaba jugando fútbol papá -¡¿crees pendejo ¡estabas clase zumba pinche maricón,0,1,0,0,0,0
702,scjn queeee puede ser sorprende después homosexuales siguen cosas peores.al rato va ser legal pederastas:face_screaming_in_fear:,0,1,0,0,0,0
703,jezzzini déjame adivinar seguro gay inseguro gustan cosas tendencia gusta llamar atención cree famoso equivoco,0,1,0,0,0,0
704,abraham_mel da maricon,0,1,0,0,0,0
705,drpetacas parece drag queen chula drag fin pobres paisanos :unamused_face:,0,0,0,1,1,0
706,además homosexual importa hecho amlovers condona cualquier defecto,0,1,0,0,0,0
707,“ sandytok_tv gym hra crossfit junta dios cansadisima vdd inche beyafaby mariquita jaja nenita ” gay,0,1,0,0,0,0
708,ayeljuann jajajajaja puto descarado borracho maña influencia :face_with_tears_of_joy: nuevo escribí mal ggggg,0,1,0,0,1,0
709,soltero maduro joto seguro -mi tía paz,0,1,0,0,0,0
710,bta_demian hombre maricón,0,1,0,0,0,0
711,maestrodoria nombre suena transexual jajaja,0,0,0,1,0,0
712,feo ver madres gay reforma,0,1,0,0,0,0
713,epn rusia va ver infiltración homosexual mujer mujer violaran monjas enseñando niños jóvenes tomar armas,1,0,0,0,0,0
714,kittie parecian lesbianas mystica girl bien femeninas,1,0,0,0,0,0
715,-¿me da tecate light -¿no quiere tacones pinche marica,0,1,0,0,0,0
716,regresa acento colombiano maricas mal paridos,0,1,0,0,0,0
717,primeros dicen joto maman vagina url mamo lt -el poeta conocido van,0,1,0,0,0,0
718,maxi_hp frankymostro manches transformer,0,0,0,1,0,0
719,lia thomas matriculada universidad pensylvania dominado natación femenil universitaria unidos hacía hace años competía hombre ¿esta situación favor mujer url,0,0,0,1,0,0
720,jueguen pinch jotos ser campeón ganar,0,1,0,0,0,0
721,dbacks estan llorar debería dar vergüenza barridos national si ganas jugar dedíquense cosa juegan unas mariquitas :face_with_symbols_on_mouth::rat::face_vomiting:,0,1,0,0,0,0
722,patstapia utooooooo matarile maricon,0,1,0,0,0,0
723,cabron nombre raro diciendo ser camarada haciendo pendejadas actual galan ex mutua puto rífate solo puñal conozco :enraged_face:,0,1,0,0,0,0
724,papadebruno cómo gabriel joto impresionanti ...,0,1,0,0,0,0
725,p.d puto lea url,0,1,0,0,0,0
726,maricelaarnaiz _bisou_caramel_ puñal,0,1,0,0,0,0
727,chinga madre puto,0,1,0,0,0,0
728,¿desde cuándo jugadores fut volvieron tan homosexuales url,0,1,0,0,0,0
729,lupillesco milenio sólo quiere llamar atención joto,0,1,0,0,0,0
730,oficialfrenaaa vez sumar dividen país pendejo líder esquizofrénico puto k anda pinch guaruras día vea parto madre cabrón búscame solito puto,0,1,0,0,0,0
731,creí anahí sólo resultó ser trans url,0,0,0,1,0,0
732,normareyessolis do jotazos ojalá homosexuales maricas poder closet secreto vox,0,1,0,0,0,0
733,stevenneira triste retórica persona homosexuales victimizándose bien dice steven especie negado nunca algún derecho quieren adjudicar pseudoderechos bien común,0,1,0,0,0,0
734,vez bien joto siempre jajajaja,0,1,0,0,0,0
735,jajajaja maricón wey vive tirándole tigres va querétaro :face_with_tears_of_joy::face_with_tears_of_joy::face_with_tears_of_joy::face_with_tears_of_joy::face_with_tears_of_joy::face_with_tears_of_joy: url,0,1,0,0,0,0
736,bakslive osnoca donporfifirio ay si ¿cómo ven che llorón bolonero jamás ando pidiendo chichi maricón,0,1,0,0,0,0
737,escuchará medio joto verdad re bien bonito,0,1,0,0,0,0
738,kali_ta renuncie estupido presidente antiporfirista renuncien senado republica permitir maricas lesbianas transexuales respetados deben ser fusilados,1,1,0,1,0,0
739,jaja che maricón ntpsdv url,0,1,0,0,0,0
740,posible gay sepa canciones gloriatrevi :face_with_rolling_eyes:,0,1,0,0,0,0
741,ricardobsalinas gilberto lozano clásico puto reprimido atienden pone neuras andropausia tan viejo joto chillón jajaja,0,1,0,0,0,0
742,javier torre si siquiera sabe si hombre experto mentiras edición noticias deberían vetarlo mundo homosexuales mariquita calzones url,0,1,0,0,0,0
743,aquí puto escuchando si chico,0,1,0,0,0,0
744,—profe ¿qué homofobia —cállese maricón —oiga profe respete compañero —uy llegó novio defenderlo beso beso beso,0,1,0,0,0,0
745,mujer parece travesti solo opina despedaza demás dedica menospreciar prójimo tóxica nefasta quealguienselalleveaviviratubalú,0,0,0,1,0,0
746,cardonamex insultos informar mal informar desprestigiar andan pregonando carecen lleva aguanta anda cobarde chillón cómo marica ropero viejo sácale punta hipócrita ..,0,1,0,0,0,0
747,espero aguante menos dia salga suplanta primo amigo jotito alzarraki loretito url amen brozo jorge ramos ciro url ver si levantan audiencia rifas url url,0,1,0,0,0,0
748,prispalomares ¿ha intentado apagar luego volver encender lesbiana url,1,0,0,0,0,0
749,parece joto jajajajaja,0,1,0,0,0,0
750,veces chingesumadreelamerica eh dicho putos maricones,0,1,0,0,0,0
751,famosas `` lesbianas '' llegan ser homosexuales siempre querrán tener url just saying ¯\_ ツ _/¯,1,0,0,0,0,0
752,callodehacha berthisbonita hace puñal,0,1,0,0,0,0
753,oye cristhianfabre seras drag queen closet espregunta seserio aunque loquesevenosepregunta,0,0,0,0,1,0
754,vamos dinamarca empieza marica ser caras hace gol jajajajajajajajaja carajo portuguese,0,1,0,0,0,0
755,hombre `` eh we bien marihuano verdad cabron vez bien pinche lil pump '' mujeres `` vez super lindo niño bueno '' mujeres `` vi güerito ojo color dije 'ha ser bien pinche puto `` siempre siempre,0,1,0,0,0,0
756,marica lloró igual peor farca eliminó año pasado vozmadridista url,0,1,0,0,0,0
757,ser joto,0,1,0,0,0,0
758,demasiados homosexuales hoy dia,1,1,0,0,0,0
759,cabron_bisexual vamos jugar anota feliz sábado llenará vacío url url,0,0,0,0,1,0
760,glee britney spear mdna fondo musical homosexuales jaja at walmartmexico url,0,1,0,0,0,0
761,van trabajar oficina cangurera aparte verse maricones van hacer ejercicio mamen pinch nacos,0,1,0,0,0,0
762,hey joto aquí afuera privada,0,1,0,0,0,0
763,pinche maricon,0,1,0,0,0,0
764,maricon puliidooo url,0,1,0,0,0,0
765,pues si visto cantantes reggetoneros putos url,0,1,0,0,0,0
766,jrisco priista llora agarran partidos parecen mariquitas dicen perseguidos politico niegan corruptelas,0,1,0,0,0,0
767,joto verdad,0,1,0,0,0,0
768,callate joto,0,1,0,0,0,0
769,sigfridoma dan_sfn f dejas ser gordito sentimental línea ofensiva jajaja gay,0,1,0,0,0,0
770,dicen lesbiana callada veria mejor nadie pidio perra opinion hablar lave hocico agua bendita señora verónica castro gran dama gran mujer decir dije url,1,0,0,0,0,0
771,vato marica metiendose url lordcafe ver si raza saca url,0,1,0,0,0,0
772,maricas ustedes redactan spoiler comparten si da mucha risa ahora quieren llorar spoiler star war,0,1,0,0,0,0
773,puto disco :oncoming_fist: url,0,1,0,0,0,0
774,menfisgamer niño marica ven chupame pito si sabes dentistas v yolotrolls cabrones cierran canal puto,0,1,0,0,0,0
775,joseimagallanes joto magallanes :speaking_head::speaking_head:,0,1,0,0,0,0
776,pinche joto chismoso,0,1,0,0,0,0
777,puto lea v,0,1,0,0,0,0
778,buenos triunfadores clásicos excelente inicio semana ustedes menos quejan ddhh maricas lylurl,0,1,0,0,0,0
779,carwega jajaja mayate papi dile presidentito jajaja marina parecen mayates bueno,0,1,0,0,0,0
780,comsatori transexual marcelaluqu ayer llevando gacho aguantó carrilla bloqueó ... panazis piel delgada,0,0,0,1,0,0
781,urge decirle mujer trans hombre próstata url,0,0,0,1,0,0
782,oye vahoooz ayudame hacerle llegar joto url,0,1,0,0,0,0
783,odiomistweets ven joto,0,1,0,0,0,0
784,típico contestas dm dejan seguirte mariquita :raised_fist:,0,1,0,0,0,0
785,respondiendo pregunta solo deja sacarte ceja hacer duckface pinche marica mierda url,0,1,0,0,0,0
786,haciendo machorrita,1,0,0,0,0,0
787,ser valiente ponga foto maricon foto marcetys aunque tapada pongo ud :ant: url,0,1,0,0,0,0
788,lalo_looney p harto chisme lechugona sacó cobre q pura mamada d q chida,1,0,0,0,0,0
789,acabaron prostitutas maricones televisa sacar mamada vez bigbrother,0,1,0,0,0,0
790,paconunezz -dijo joto,0,1,0,0,0,0
791,moruzhalee sabes hora sale marica xd finjas tambien dice cosas lindas weca x,0,1,0,0,0,0
792,época hitler decía `` gay '' `` joto '' campo concentración undiaparticular edithgonzalezmx dgomezcasanova url,0,1,0,0,0,0
793,eneberreache carlosmaguey po marica,0,1,0,0,0,0
794,comprar ropa mujer aunque parezca hombre hace gay serios,0,1,0,0,0,0
795,primero agarro idiotizó jotos ahora va feministas hija puta delincuente saber llegar mercado url,0,1,0,0,0,0
796,jportti laurabozzo jaja maricon,0,1,0,0,0,0
797,cualquier puñetas crítica pendejo hora responder url pinch jotos,0,1,0,0,0,0
798,montado pitó drag url,0,0,0,1,0,0
799,nachorgz chumeltorres luisitocomunica puñales pintan uñas decir miedo verdaderos informadores,0,1,0,0,0,0
800,justin porqueeeee hiciste gay tambien,0,1,0,0,0,0
801,-mamá playera gansos rosa -es pediste dije gun and rose gun and rose -ponte playera jotito -ay,0,1,0,0,0,0
802,nass_nass_nass depende si piensas hombre falda igual travesti cualquier mujer pantalones sobran hombre ponga falda tacones ir trabajar mujer pantalones puede ser causal despido si mucha gente ok travestis,0,0,0,1,1,0
803,peperuiloba ¿por dice van chápala comen lonches gemma gay closeteros,0,1,0,0,0,0
804,llore joto jaja,0,1,0,0,0,0
805,l_hirieo feministas tradicionales `` imagen mujer cosificada hombre '' ... mujeres trans `` quiero ser re sexy cirugías mil '',0,0,0,1,0,0
806,lunaazulada_ jotitos. prefieren banderillas.:rolling_on_the_floor_laughing::rolling_on_the_floor_laughing::rolling_on_the_floor_laughing::rolling_on_the_floor_laughing:,0,1,0,0,0,0
807,oopsso_zorry si va ser tiiiipico cobarde comenta da opción relply pa order tiempo jotito saliste evidentemente refiero sexualidad,0,1,0,0,0,0
808,algún jugador puto maricon gago matidigia,0,1,0,0,0,0
809,gay voz méxico ser jarocho aquí pega gripa gay mayate claro habemos excepciones :person_tipping_hand::person_tipping_hand:,0,1,0,0,0,0
810,enamoré url :musical_notes::red_heart:,0,0,0,0,1,0
811,entiende sarcasmo toca marica,0,1,0,0,0,0
812,mejor duermo vaya ser incentive instinto suicida/darks/marica,0,1,0,0,0,0
813,caranddriver hennessey_perf marica,0,1,0,0,0,0
814,vamos pecho frío alcanzan palabras grandeza presumes hinchada rayados vergüenza nacional maricones,0,1,0,0,0,0
815,felicidades jotos si bien madres cargado chavitos :face_blowing_a_kiss:,0,1,0,0,0,0
816,prefiero temeroso machuchon gañán cuello blanco travesti ofender url url,0,0,0,1,1,0
817,elmorfeus luego salen jotos travestís chamacos,0,1,0,1,0,0
818,ultra cagan comadres chavo gay amiga gorda vienen gym hacerse pendejas nadamas ocupan aparatos pesas estúpido nisiquiera hacen bien ejercicio pasan hable hable ponen solitos ejercicios hdsptm,0,1,0,0,0,0
819,reformacom maricon mierda epn,0,1,0,0,0,0
820,papaya_rockera puñal papayita,0,1,0,0,0,0
821,migangelgarzam así joto,0,1,0,0,0,0
822,albertoocervera jjajajaja homosexual,0,1,0,0,0,0
823,ugesaurus ¡claro hacen mujeres trans ganar olimpiadas,0,0,0,1,0,0
824,malditos changos panameños hijos puta andan maricones,0,1,0,0,0,0
825,gay_bulge hermosa,0,0,0,0,1,0
826,ayrton_victorio huevo puto :face_with_tears_of_joy::face_with_tears_of_joy::face_with_tears_of_joy:,0,1,0,0,0,0
827,cc peleaban rugal ponían roberto carlos delantero así putito chamaco,0,1,0,0,0,0
828,saquen marica salga qotsa,0,1,0,0,0,0
829,malignabambola nonpues ciego chica sexi habiente can .pues plano gay pasa mal,0,1,0,0,0,0
830,psst solo quiero spoilerear platica organizando idea shaflores ciencia trans url,0,0,0,0,1,0
831,noche sushi ma gay,0,1,0,0,0,0
832,criszis thenifel marcelamerino frenteorgullomx adrianodanz coalicionlgbtti noticiaslgbt tagletaigaro luisperelmanmx jrisco johnmackerman cirogomezl movilh jenarovillamil si hueva da misma jota puto pasiva ¿para diferenciar oso activa twink pinch categorías innecesarias maricones afeminados mismo “ gay ”,0,1,0,0,0,0
833,edaliqilinda tampoco hombre nadie kita así mujeres hacen url cabron url cierto url hombre x pendejos k url pendejo k joto,0,1,0,0,0,0
834,menos pa jotos amigo,0,1,0,0,0,0
835,edgar_puente_ va ir comer sancadillanorte jajajaja che joto,0,1,0,0,0,0
836,chaloleite ahora pinchi joto gracias,0,1,0,0,0,0
837,bien maricas duermen temprano :pensive_face:,0,1,0,0,0,0
838,machin ah machin marica nena ma bien putin machin ah machin marica nena ma bien putin machin ah machin marica nena ma bien putin machin ah machin url,0,1,0,0,0,0
839,ser jotita discreta si puedes ser hetero-moderna,0,1,0,0,0,0
840,lalourbanom van ensartar diario mario doblado puñal,0,1,0,0,0,0
841,caderas_blancas ferleon_mx callodehacha lopezobrador_ mira nomás hombre trans escroto digo aprovechando comentario,0,0,0,1,0,0
842,mediotiempo garciaposti maricon ver demas pinche piojito,0,1,0,0,0,0
843,conforman ser jotas ser feas encima hablar niñas ¡ver-ga,0,1,0,0,0,0
844,¿descansaron joto asqueroso alex kaffie luciamendezp programa_hoy :face_with_tears_of_joy::face_with_tears_of_joy::face_with_tears_of_joy::face_with_tears_of_joy:,0,1,0,0,0,0
845,:clapping_hands::clapping_hands::clapping_hands::clapping_hands::clapping_hands::clapping_hands::clapping_hands::clapping_hands: pinche joto,0,1,0,0,0,0
846,acelerinodj bloody mary pide cerveza tremendo marica considero,0,1,0,0,0,0
847,tres chivas maricones creyeron imagen pulido iba emputar,0,1,0,0,0,0
848,luis_acashore jajaja cállate menos indicado hablar veo maricon encanta pelar viejas,0,1,0,0,0,0
849,carlosloret par maricones,0,1,0,0,0,0
850,xevtfm si puro joto andaba chupando caña,0,1,0,0,0,0
851,sergiolzslp merry_barrales ahi va joto ponerte arete pulseras digo si noma buscas oportunidad jajaja,0,1,0,0,0,0
852,breve pinch americanistas maricas,0,1,0,0,0,0
853,ay horror joto invitado papa atorada boca iughh url,0,1,0,0,0,0
854,alvaromaysse álvaro bot ctpm puñal inventado,0,1,0,0,0,0
855,sabes hombre gay pone playlist rocío dúrcal,0,1,0,0,0,0
856,si si ahora bien putos url,0,1,0,0,0,0
857,fer_gay entradas defensa américa empiece quedar pelón,0,0,0,0,1,0
858,solo paso decir países vivieron viven bajo fuerte influencia socialista “ izquierda ” así viene joto decir “ derecha ” quita derechos reír inevitable url,0,1,0,0,0,0
859,solophombres cexychics bootyandmuscles alonesantanagar toganuncio bootyisyummy tranquilman lee_ecclestone oldenchild datassntittiez datazzphataf booty_cartel xculonas gymbooty netocardona assplosive bumblebee_zd mmamaceandoo quehembritas brutuslwallie rafaelmedinag rudorivera :thumbs_up: asi noma caballero niñas bien medio pervertidos pedofilos raritos vengan ma culos viejas buenisimas importa colos tamaño preferencias politicas religiosas futbolisticas,0,0,0,0,1,0
860,mándalo joto,0,1,0,0,0,0
861,¿tus papás saben juegas bisexual internet,0,0,1,0,0,0
862,shinuhegarcia halconnegrojr ronogueron televisa ridula pinche india fea jota ladina url,0,1,0,0,0,0
863,elchiringuitotv teatreo payaso marica piscinero mierda,0,1,0,0,0,0
864,aiex_doe pinchebigjuan tigresoficial thehomedepotmx dulcegmontoya jajaja joto,0,1,0,0,0,0
865,directo periscope puto diga buenos días url,0,1,0,0,0,0
866,_lasnoticiasmty katerin cavazos jotoprieto puede decir pendejo viene veces monterrey engrandecido jotos pendejos url,0,1,0,0,0,0
867,:Spain:soy homosexual :United_States: i ’ m gay :Italy: sono omosessuale :France: je suis gay :Germany: ich bin homosexuell :Saudi_Arabia: أنا مثلي :Mexico: vamos vamos américa noche url,0,1,0,0,0,0
868,pepemontalvo cometa_ puñal,0,1,0,0,0,0
869,elpadrejesus_ entiendo x si dios hizo hombre mujer ahora dan tanta publicidad lod gay mal ejemplo ninos hace degeneracion nace asi acepta ahora triste,0,1,0,0,0,0
870,pepe joto:raised_fist:,0,1,0,0,0,0
871,—papá ¿a hijo quieres —son hijos do quiero igual —pero tres —sí maricón cuenta,0,1,0,0,0,0
872,amigo dejan peda amigo f chinguen madre pinch putos,0,1,0,0,0,0
873,ricardo_jaar mariconcito emilio atacó alevosía ventaja buen joto,0,1,0,0,0,0
874,repente encuentro fotos exnovios luciendo súper afeminados quiero alguien diga url favor,0,1,0,0,0,0
875,mariquita mariquita radio siempre iioras,0,1,0,0,0,0
876,envidia maricón,0,1,0,0,0,0
877,alexduartte ta bueno joto despues veo,0,1,0,0,0,0
878,silver_rwolf hagas caso gay reprimidos amistad mientras sepa ke mayor edad basta pruebas además nadie pidió ke viera fotos mejor ke ponga trabajar viejo senil solo roba oxígeno demás :face_with_tears_of_joy:,0,1,0,0,0,0
879,foro_tv si priistas devuelven robaron empezando rata mayor epn joto mancera,0,1,0,0,0,0
880,lord_inario puñal,0,1,0,0,0,0
881,dicaprio va ganar puto hizo jarocha rumboaloscar,0,1,0,0,0,0
882,vuelto marica películas amor odio,0,1,0,0,0,0
883,jajajajaja voy enterando alcoholica closetera acaba decir “ borracho ” tiraba onda ejecutivos imagentvmex :face_with_tears_of_joy::face_with_tears_of_joy::face_with_tears_of_joy::face_with_tears_of_joy: anda ardida mujer,1,0,0,0,0,0
884,amiguitos huevos decirles ponerle alto amiguitas nalgas prontas.para después andén maricones llorando,0,1,0,0,0,0
885,luzkabrona sabía lesbiana aunque tipo machete sorprende encueres:face_with_medical_mask::face_with_medical_mask:,1,0,0,0,0,0
886,cruzhdz_sergio felipecalderon mexlibre_ chinga madre puto marica foto ofendas mínimo da cara pocos huevos,0,1,0,0,0,0
887,_migueljasso t metiste joto,0,1,0,0,0,0
888,haciéndosela pedo jotos useless,0,1,0,0,0,0
889,legalmenteperra dashoboy osea do maricones mejor hm,0,1,0,0,0,0
890,sergiotbh homosexuales amigo mientras queden ahí actividades `` peculiares '' quieran casar peor aun adoptar niños inocentes seguiré apoyando,0,1,0,0,0,0
891,jajjaajaja che joto,0,1,0,0,0,0
892,ser maniaco depresivo tarea fácil piensa trata solo andar chillando películas perritos perdidos verdad va ma allá ser gordo marica,0,1,0,0,0,0
893,alv wey maricon volviendo :man_facepalming::man_facepalming:,0,1,0,0,0,0
894,weritaaraiza veo pantalones atigresados jotos jajajaja,0,1,0,0,0,0
895,acá ando joto diga `` traes tequila '',0,1,0,0,0,0
896,jesuslopcorcsl elcarlosrdz falta quieras gilbertona wey inche maricon jajajajajaja url,0,1,0,0,0,0
897,intensamente creed demás hueva pretencioso gay odio puta chica danesa,0,1,0,1,0,0
898,`` dan asco lesbianas xd '' marijopolanco,1,0,0,0,0,0
899,goliveros pena goliveros verdad pena cumplir estereotipo hombre homosexual elegebetero ideologizado unicornio transgenerizado quedabien pide perdón ser hombre empatizas dice canción `` monedita oro '',0,1,0,1,0,0
900,dr_sombrerudo yoshertramos jajajajajaja nombre travesti yoshert tampoco cuenta,0,0,0,1,0,0
901,hectorghs bullyingfutbol pinch jotos,0,1,0,0,0,0
902,rt angelgcm malo joto jjajajajajajaja :face_with_tears_of_joy::OK_hand: url lt triste fuerte ver chiquito hablar así,0,1,0,0,0,0
903,tusico siempre sabido siempre burlaban renata antro aventó cheve josé quemaron redes naca salvaje solo defendió bullying joto hacía,0,1,0,0,0,0
904,rockeros pinch bts bien puros rockeros tambien calmateeee cabron freddy mercury url putisima majestad,0,1,0,0,0,0
905,putos todoooos,0,1,0,0,0,0
906,joto siempre queda viendo :man_facepalming_light_skin_tone:,0,1,0,0,0,0
907,hoy gana monterrey liverpool buena vibra mayates monterrey nuevo leon mexico url,0,1,0,0,0,0
908,maricas echan mix michelada cervezas bueno comprando pura cerveza culera ser normal,0,1,0,0,0,0
909,bullyingfutbol listo entonces envio maricon,0,1,0,0,0,0
910,angel_smhoax danylacaja si putito,0,1,0,0,0,0
911,toño joto,0,1,0,0,0,0
912,`` dejen tuitear partido empezó gaim of trons '' pendejo mariquita,0,1,0,0,0,0
913,maricas url,0,1,0,0,0,0
914,sussizambar joto :unamused_face:,0,1,0,0,0,0
915,almadeliamc luego grupo gente bisexual criaron enseñando negar parte sexualidad saben ahí pasan preguntando `` si enseñé gusten hombre .. chingados homosexual puede hacer mismo '',0,1,1,0,0,0
916,estiosbuenos hoiasoygermam corriente homosexual closet siquiera reconócelo nadie importa,0,1,0,0,0,0
917,abcnoticiasmx amigo gay mismos reprueban andar besándose enfrente gente dicen si piden respeto deben dar respeto veo quejandose,0,1,0,0,0,0
918,quise ligar chava ayer pelo pregunte si lesbiana dio cachetada laculpaesdegaby gabyplatas,1,0,0,0,0,0
919,amairaniortega bebés bendición derecho vivir cierra piernas lesbiana solo profanas odio dios va ir infierno satanas pastor culpa angelito calentura gustado abortaran maldita estupida sologenerasodio muerete,1,0,0,0,0,0
920,juanjosec gustavomoralesl homosexuales pueden tener hijos caso comen crudos,0,1,0,0,0,0
921,marica,0,1,0,0,0,0
922,puñales viéndose fijamente url,0,1,0,0,0,0
923,neologismos maricomio psiquiátrico locas maricas gay apapuchar acción consentir pubis sopervisor supervisor torpe lacornetafm jrsestaca evidegaray nuevoneologismodehoy,0,1,0,0,1,0
924,pinch jotos quieren hacer gay dejen forzarla sigan miserables vidas url,0,1,0,0,0,0
925,soyreferee ¿sóbense millones incluidos cientos mile niños solo batean americanistas jotos dicen ochoa,0,1,0,0,0,0
926,lorenzookie moguelmayra thinascua ssamtaoying sophie_sant alfredojalifer_ julioastillero orazioaguirre akirelincho ogts prianistas nunca iban url hicieron jugoso negocio trans sexenal url malo igual huachicol url url mile millones peso nunca rindieron url pocos url,0,0,0,1,1,0
927,puto ido bien xani estadio,0,1,0,0,0,0
928,siempre alguien dice pansexual imagino dona toda cachonda jajaja :doughnut::eggplant:,0,0,0,0,1,0
929,renasuspendido ponchogutz contesto jotito,0,1,0,0,0,0
930,fin primeros minutos expulsan chaco siempre maricones américa ma puto mayor paul aguilar raro ono,0,1,0,0,0,0
931,`` juegos hambre '' matrix putos milenials jotos :winking_face:,0,1,0,0,0,0
932,renuncia funcionario infonavit tras escándalo porsche regaló hijo parecer aguantó carrilla marica,0,1,0,0,0,0
933,maricon acuso pude hacerle frente peleas utiliza fine url,0,1,0,0,0,0
934,laaficion miseleccionmx ¡al menos vimos festejo gay,0,1,0,0,0,0
935,cagan gente preguntan '' ¿pica salsa '' échale joto si ponle mermelada taco pinche princeso,0,1,0,0,0,0
936,llamó “ muñequito ” ... pinche joto tías,0,1,0,0,0,0
937,sirve tener amigo gay si sirven consejos moda :face_with_rolling_eyes: betunatun_ badgayfriends,0,1,0,0,0,0
938,tenochhuerta versionextend merecen solo darle premio alguien ser `` gay moreno negro madre soltera alguna discapacidad '' :thinking_face:,0,1,0,0,1,0
939,cxaveze acalambra putito :man_shrugging_medium_skin_tone::man_shrugging_medium_skin_tone::man_shrugging_medium_skin_tone:,0,1,0,0,0,0
940,sigues siendo mismo marica siempre,0,1,0,0,0,0
941,hirjira seh súper entendieron mal hablaba ciencia particular url mujeres agarraron ophelio hombre misógino po chistoso interpretaron,0,0,0,0,1,0
942,tavaresmaxima chivas jotos ponga molotov puto chivas,0,1,0,0,0,0
943,entonces mariquita yolo,0,1,0,0,0,0
944,chumeltorres gay closet travesti viejo ridículo hablan boca,0,1,0,1,0,0
945,lado digo marica jajaja,0,1,0,0,0,0
946,únicos voy respetar decisión decir binario hermafroditas mundo menos día hoy visto ninguno confundido pidiendo reconozcan binario jaja,0,0,0,0,1,0
947,el_produ loculobo chivas apuesto jotos pagan,0,1,0,0,0,0
948,conocimiento pendejos pendejos facebook homosexuales inexistentes decirme putongo putonga ven despedaze madre hombre pendejo abstinencia animal genética guardó silencio molesto comentario ven trapa trapo,0,1,0,1,0,0
949,putito así url,0,1,0,0,0,0
950,retracto suena marica mal material inflames url,0,1,0,0,0,0
951,abusivos delincuentes portan mariquitas url,0,1,0,0,0,0
952,ijcasas grandísimo patan corriente maricon,0,1,0,0,0,0
953,maricas usando sueteres chamarras aprovechen frío calor sobra ..,0,1,0,0,0,0
954,jajajajajajaja marica mmmmmm url,0,1,0,0,0,0
955,a_yuls haha maricones jugaron xd,0,1,0,0,0,0
956,cirogomezl lopezobrador_ vean presidente electo millones ilusionados supuesto cambio cumple ofrece aunque trate casos vida muerte ahora después niño ahogado lopezobrador_ reacciona apoyarlo sino intentar ser impopular maricon,0,1,0,0,0,0
957,foto portada jajajajajj che transformer feo eww,0,0,0,1,0,0
958,alf_avila_ jrisco penileyramirez parte avila chingas puta madre gustas puton ojete,0,1,0,0,0,0
959,_michellesamano niño parece doña cincuentona lesbiana sur,1,0,0,0,0,0
960,puedes decir negro negro debido respeto caen toda madre homosexuales putos cómo llamamos negro hoy día putos putos chinguen madre,0,1,0,0,0,0
961,oye deja mandarme fotos dm maldito homosexual dije gay deja molestar :face_with_steam_from_nose: url,0,1,0,0,0,0
962,serchiracheta maricon,0,1,0,0,0,0
963,reporte_indigo pinche joto mejor mentado jajajaja,0,1,0,0,0,0
964,típico van jugar gotcha cubren chalecos kevlar homosexuales,0,1,0,0,0,0
965,va horas hijo —al table mamá —¡a haces pendeja ¡vas concierto justin bieber maricón,0,1,0,0,0,0
966,trompudo infeliz tromp mexicano tiene:angry_face: enfadado pues debemos pendejo racista ocicon pendejo idiota joto,0,1,0,0,0,0
967,mujeres parecen travestis :anguished_face::face_with_hand_over_mouth: sorrynotsorry,0,0,0,1,0,0
968,gloriatrevi emilycmtrevi perros ladren gloria gloria puntitos jotos,0,1,0,0,0,0
969,simonjccor pobrecito .. cayeron lentes mariquita,0,1,0,0,0,0
970,maquillas chingo dejar verte mujer fea entonces f travesti feo url,0,0,0,1,0,0
971,alerayado va empezar marica,0,1,0,0,0,0
972,neta hacer spoiler pa resultara súper gay :face_with_rolling_eyes:,0,1,0,0,0,0
973,jotos respétense tantito jodan url,0,1,0,0,0,0
974,fulanitoarteaga wey gusta recibir obvio afeminado sabes maricón,0,1,0,0,0,0
975,mr. puñetas mariquita calzones lordaudi agrede ciclista hace valiente policía url,0,1,0,0,0,0
976,vishavilla bien joto bro v,0,1,0,0,0,0
977,si castra wuevo maricas complejo paris hilton osea homosexuales,0,1,0,0,0,0
978,rápido .. ¿cuáles respuestas also `` pitonisa '' excelente nombr alburero mujer trans url,0,0,0,1,0,0
979,cartoncalderon garcimonero url dimos cierta url pues nivel trans cuarta,0,0,0,1,0,0
980,puro pinché chairos chairas huevonas pongan chingarle dejen mariquitas gente sirve chingarle trabajar estudiar bola bale madres gobierno chairo encabezado lópez :face_with_symbols_on_mouth::flexed_biceps:,0,1,0,0,0,0
981,vergas gay acaba hablar,0,1,0,0,0,0
982,verdad ricky mejor amigo hombre deberían tener quiero bueno twitter luego da putazo joto :heart_suit:,0,1,0,0,0,0
983,jwanpi sancadilla bocajrsoficial hace falta beber contigo hoy coincido neta maricas,0,1,0,0,0,0
984,jajaja ... espero aguantes rías epítetos lanzados mujeres simple hecho serlo toquen “ maricón ” “ mal cogido ” “ histérico ” “ menopáusico ” “ visceral ” “ ninguna verga acomoda ” “ pinche viejo ” “ estridente ” “ brujo ” url,0,1,0,0,0,0
985,moco tendido peli `` votos amor '' :loudly_crying_face: así marica :face_with_rolling_eyes:,0,1,0,0,0,0
986,nombres puñal leonardo emmanuel sergio omar saúl eric eduardo rodrigo jorge tuit gracias atención,0,1,0,0,0,0
987,anoche desmaquille hoy paresco travesti,0,0,0,1,0,0
988,si traes peinado gokú entonces lesbiana,1,0,0,0,0,0
989,turbo hiper duper recontra marica url,0,1,0,0,0,0
990,peligroso joto autoestima demasiado alto,0,1,0,0,0,0
991,orfeumm joto,0,1,0,0,0,0
992,soymaestramiel escriben vieja gacha indios pata rajadas lesbiana vieja loca come pollito muerta hambre youtube,1,0,0,0,0,0
993,si dan cuenta subiendo ego joto tapado verdad,0,1,0,0,0,0
994,barbaradurango amelia_waldorf desafortunadamente mayoría persona proyectamos trauma carencias alguien cool súmale gay complejo regina george :woman_shrugging_medium_skin_tone:,0,1,0,0,0,0
995,pinch lenchas descaradas besándose vía pública :enraged_face: pusieron cachondo :flushed_face:,1,0,0,0,0,0
996,tantos tatuajes taaaaan pobre marica dolor :confounded_face:,0,1,0,0,1,0
997,si bien jotos,0,1,0,0,0,0
998,johnnyvgarcia pezdelreal semana url debe andar pedo pinche tigre joto,0,1,0,0,0,0
999,marica,0,1,0,0,0,0
1000,bisoucaramel_ ponchogutz alv lópez ve afeminado foto v,0,1,0,0,0,0
1001,nunca usado pantalón tan homosexual,0,1,0,0,0,0
1002,ruben va quitar mentiroso quite homosexual n-u-n-c-a,0,1,0,0,0,0
1003,trapeada dieron mojarra lesbiana :face_with_tears_of_joy: url,1,0,0,0,0,0
1004,cesarhopa princeso jajaja marica,0,1,0,0,0,0
1005,ahhhhh homosexuales pregonando “ love ” mundo iguales locos peores,0,1,0,0,0,0
1006,alvaritomorales va bloquear creo comentarios tan maricones,0,1,0,0,0,0
1007,entonces chinguen madre malditalesbiana-s iba contestar putas locas quisieron,1,0,0,0,0,0
1008,ezetowers _anagantios_ literal peor do lados jotos tóxicas quesque masculinas mandan cara jotillas liosas peor cogen jajaja,0,1,0,0,0,0
1009,samuel_garcias vete carajo pinche mandibulín machorro joto,0,1,0,0,0,0
1010,nodal lesbiana intensa relación siono elnodal belindapop url,1,0,0,0,0,0
1011,estan maricas,0,1,0,0,0,0
1012,stealmygirl enamoro aún ma lt canción perfecta hermosa lt puto diga,0,1,0,0,0,0
1013,aveces cagan jotos nm,0,1,0,0,0,0
1014,siempre respeto papá americanista demás jotos,0,1,0,0,0,0
1015,promover ley propaganda homosexual condene difusión cualquier tipo promoción homosexualidad dirigida menores edad multas penas cárcel url,0,1,0,0,0,0
1016,pacodelmazo literal paquito cago harto jota,0,1,0,0,0,0
1017,harto gay :unamused_face:,0,1,0,0,0,0
1018,escorpiongolden pendejo máscara si contigo jotito,0,1,0,0,0,0
1019,caarloosgzz quibole puto eee peda fin sb tqm bye,0,1,0,0,0,0
1020,cada hombre gay restantes mayates últimos podría llamar hombre pasando mundo,0,1,0,0,0,0
1021,enfranjados_dc rayvalenciat supuestos audio agresión aficionado maricon pepillo hanan,0,1,0,0,0,0
1022,tv_jotas podía parar reclamarle jaja url,0,1,0,0,1,0
1023,porqué url maricones ... :angry_face::grimacing_face: url,0,1,0,0,0,0
1024,elfinisho puro tweet maricas avientas jajaja saludos wey,0,1,0,0,0,0
1025,maricos sienten orgullosos ser heteronormados desprecian afeminados misma calaña negro salen negro oscuros creen inferiores,0,1,0,0,0,0
1026,lvidegaray puto-maricón epn rgilzuarth ildefonsogv idiotas corruptos sedenamx pie url,0,1,0,0,0,0
1027,i_marilynmonroe pasa marimacha hizo joto,1,1,0,0,0,0
1028,veo madrid costumbre puerco maricón,0,1,0,0,0,0
1029,eyvindlips jajaja pronto superare puñal,0,1,0,0,0,0
1030,dddoubletrouble ¿cuando van subir vídeo par maricones :smiling_face_with_halo:,0,1,0,0,0,0
1031,gerard_zarate va querer ser loca amanerada,0,1,0,0,1,0
1032,¿cómo mujeres trans lesbianas ¿para hizo trans si va ser lesbiana lógica,1,0,0,1,0,0
1033,pereaoficial jajajaja url puto,0,1,0,0,0,0
1034,viendo vídeo encontraron edson sánchez comentarios aficionado comento falta mismísimo haret falto wilo maricon dice tronco malísimo :face_with_tears_of_joy::rolling_on_the_floor_laughing: diablostwitteros url,0,1,0,0,0,0
1035,`` almaculera hombre dicen `` sólo sexo '' verse tan maricas mujeres dicen `` amor '' verse tan putas '',0,1,0,0,0,0
1036,vladimirgarciag tamedamus fjg_td acá hecho twitter search “ rayado maricon ” años url,0,1,0,0,0,0
1037,rt danitafashion adultos deciden ser transgénero pues va. niños reflejo ¡no contaminen lt wat,0,0,0,1,0,0
1038,joto escribir fb cualidades saber cocinar ser fiel buena pareja subir foto volteando hacia lado,0,1,0,0,0,0
1039,ivnuevo osea marica,0,1,0,0,0,0
1040,jotitas corrientitas hablar cortar palabras `` obvi '' `` celu '' `` bendis '' decir locas palabras inglés conversacion españurl si aunamos tonito caguengue tipo colucci versión url peor,1,1,0,0,0,0
1041,jugadores clubleonfc re maricas hdspm,0,1,0,0,0,0
1042,niriams ahora resulta ke ser lesbiana orgullo :face_with_tears_of_joy::face_with_tears_of_joy::face_with_tears_of_joy::face_with_tears_of_joy::face_with_tears_of_joy: mamen ke lleven exorcismo,1,0,0,0,0,0
1043,edith_gdi jajaja sufras pasa punto prenda chicas encanta travestirse hombre llaman lesbianas,1,0,0,1,0,0
1044,ahora piensan lencha :worried_face::worried_face:,1,0,0,0,0,0
1045,—le aplicaremos prueba alcoholímetro ¿ha bebido hoy —una capuchino moca nestea frío —ok multa maricón,0,1,0,0,0,0
1046,machito nunca aceptado apuesta .. mecánica pagarla pone así inche marica,0,1,0,0,0,0
1047,tadavtu abrete maldito gay,0,1,0,0,0,0
1048,niurkamarcostv creo usted viene relación gay lésbica verdad extraterrestre confunda amor usted dice cogida hijos sagrados usted carácter social etico moral solo vana expresión queda show vez contigo _ponchodenigris,1,1,0,0,0,0
1049,quién fundillo sal closet puñal frustrado pasa contrario igual fin puedes ser feliz lamentable vida escribió heterosexual lamentable comentarios homofóbicos url,0,1,0,0,0,0
1050,chillo mariquita thewalkingdead twd url,0,1,0,0,0,0
1051,aliss_one si costumbre social vivimos aunque conocido chicas trans cargan tampones esconderse lol ridículas,0,0,0,1,0,0
1052,puto joto así méurl sé must maestro fdelcollado url vía mexicopuntocom,0,1,0,0,0,0
1053,alguien recuerda salió justin bieber sencillo `` baby '' pensamos `` bueno den oportunidad lesbiana '',1,0,0,0,0,0
1054,leftkist realanthonyusa si hombre agarro madrazos realanthonyusa así mejor madreo puras cachetadas puñal,0,1,0,0,0,0
1055,fnxfamilia gente ignorante considera inteligente amigo bueno marcha equivocada mujer gay url,0,1,0,0,0,0
1056,mrandrespuentes salio libre puto,0,1,0,0,0,0
1057,neymarjr jugar liga maricas,0,1,0,0,0,0
1058,final transmisión cazul-ame app td_deportes ponen carlosloret hablar mal lopezobrador_ televisa arrastrada hace coyon programa deportes quieren dejar dientes marica redamlo lodiceelsultándelnorte,0,1,0,0,0,0
1059,enojarse penn mujeres negras negras lesbianas,1,0,0,0,0,0
1060,homosexuales agarran puñaladas chiste cuenta sóurl url,0,1,0,0,0,0
1061,che marica url,0,1,0,0,0,0
1062,digo idea satanizar ningún modo ser mujer ningún modo correcto solo sorprende común vieja trans sexuada url,0,0,0,1,0,0
1063,elpulpomo evidegaray jrsestaca va regalar tradicional chorizouw hermano marica,0,1,0,0,0,0
1064,jotitas corrientitas cortar palabras verse `` nice '' plano wuebonas escribir url hueva hablan así `` celu '' '' pelis '' '' bendi '' url,0,1,0,0,1,0
1065,ando mariquita oyendo música romáurl saben ahora,0,1,0,0,0,0
1066,erik__ra uso desodorante artículos homosexuales huelo hombre,0,1,0,0,0,0
1067,bta_demian maricón bárbaro,0,1,0,0,0,0
1068,:fire:hoy vista tienda gravitymty :right_arrow:calle matamoros barrio antiguo monterrey guadalajara jalisco cdmx mexico saltillo jockstrap underwear swimwear gym gdl mty jal short bañadores bikini thong brief gay tshirts underwear ropa playeras url,0,0,0,0,1,0
1069,homosexual reprimido resentido vida url,0,1,0,0,0,0
1070,ahora sé odio url va américa mariquita :face_with_rolling_eyes:,0,1,0,0,0,0
